{
    "speed": 5.188098901706402e-05,
    "steer": 0.002528250450268388,
    "throttle": 0.75,
    "brake": 0.0,
    "wp_4": [
        -0.03267304226756096,
        14.889715194702148
    ],
    "wp_3": [
        0.11760915815830231,
        11.32689380645752
    ],
    "wp_2": [
        0.13948574662208557,
        7.522174835205078
    ],
    "wp_1": [
        0.015833504498004913,
        3.480867862701416
    ],
    "aim": [
        0.015833504498004913,
        3.480867862701416
    ],
    "target": [
        -0.676390541043794,
        51.25262055742196
    ],
    "desired_speed": 7.906764793395996,
    "angle": 0.002895820598568659,
    "angle_last": 0.011068141940488916,
    "angle_target": -0.008401104009754247,
    "angle_final": 0.002895820598568659,
    "delta": 0.25,
    "agent": "only_traj",
    "steer_traj": 0.0025282504486015614,
    "throttle_traj": 0.75,
    "brake_traj": 0.0,
    "plan": [
        [
            0.015833504498004913,
            3.480867862701416
        ],
        [
            0.13948574662208557,
            7.522174835205078
        ],
        [
            0.11760915815830231,
            11.32689380645752
        ],
        [
            -0.03267304226756096,
            14.889715194702148
        ],
        [
            0.09491369128227234,
            18.923917770385742
        ],
        [
            0.16995945572853088,
            23.239988327026367
        ]
    ],
    "command": 3
}