{
    "speed": 1.5422082994748163,
    "steer": 0.0028619221411645412,
    "throttle": 0.75,
    "brake": 0.0,
    "wp_4": [
        -0.03639039024710655,
        14.8953275680542
    ],
    "wp_3": [
        0.11466410756111145,
        11.33442497253418
    ],
    "wp_2": [
        0.13915055990219116,
        7.531305313110352
    ],
    "wp_1": [
        0.016130253672599792,
        3.4893252849578857
    ],
    "aim": [
        0.016130253672599792,
        3.4893252849578857
    ],
    "target": [
        -0.2512230286938061,
        51.28843283149983
    ],
    "desired_speed": 7.9093756675720215,
    "angle": 0.0029428730128509685,
    "angle_last": 0.011117698757466897,
    "angle_target": -0.0031182911905789047,
    "angle_final": 0.0029428730128509685,
    "delta": 0.25,
    "agent": "only_traj",
    "steer_traj": 0.002861922151201206,
    "throttle_traj": 0.75,
    "brake_traj": 0.0,
    "plan": [
        [
            0.016130253672599792,
            3.4893252849578857
        ],
        [
            0.13915055990219116,
            7.531305313110352
        ],
        [
            0.11466410756111145,
            11.33442497253418
        ],
        [
            -0.03639039024710655,
            14.8953275680542
        ],
        [
            0.09428663551807404,
            18.935876846313477
        ],
        [
            0.1697191596031189,
            23.254840850830078
        ]
    ],
    "command": 3
}