{
    "speed": 3.318412871322536,
    "steer": 0.0034774714149534702,
    "throttle": 0.75,
    "brake": 0.0,
    "wp_4": [
        -0.03959662839770317,
        14.90433406829834
    ],
    "wp_3": [
        0.11188490688800812,
        11.346247673034668
    ],
    "wp_2": [
        0.13843882083892822,
        7.542160987854004
    ],
    "wp_1": [
        0.018328838050365448,
        3.4968981742858887
    ],
    "aim": [
        0.018328838050365448,
        3.4968981742858887
    ],
    "target": [
        0.5813797486529527,
        51.316826904731776
    ],
    "desired_speed": 7.912379169464112,
    "angle": 0.003336747254988371,
    "angle_last": 0.010871204819420215,
    "angle_target": 0.007212098482234597,
    "angle_final": 0.003336747254988371,
    "delta": 0.25,
    "agent": "only_traj",
    "steer_traj": 0.003477471351008612,
    "throttle_traj": 0.75,
    "brake_traj": 0.0,
    "plan": [
        [
            0.018328838050365448,
            3.4968981742858887
        ],
        [
            0.13843882083892822,
            7.542160987854004
        ],
        [
            0.11188490688800812,
            11.346247673034668
        ],
        [
            -0.03959662839770317,
            14.90433406829834
        ],
        [
            0.09532719850540161,
            18.950613021850586
        ],
        [
            0.16909216344356537,
            23.269868850708008
        ]
    ],
    "command": 3
}