{
    "speed": 5.194901158779693,
    "steer": 0.0042535485699772835,
    "throttle": 0.75,
    "brake": 0.0,
    "wp_4": [
        -0.04158223792910576,
        14.910284042358398
    ],
    "wp_3": [
        0.10974188148975372,
        11.352629661560059
    ],
    "wp_2": [
        0.13847987353801727,
        7.548839092254639
    ],
    "wp_1": [
        0.019865870475769043,
        3.501818895339966
    ],
    "aim": [
        0.019865870475769043,
        3.501818895339966
    ],
    "target": [
        0.5710692568345411,
        49.4015503176567
    ],
    "desired_speed": 7.915322017669678,
    "angle": 0.003611548532595217,
    "angle_last": 0.0108279469546768,
    "angle_target": 0.0073588335918337,
    "angle_final": 0.003611548532595217,
    "delta": 0.25,
    "agent": "only_traj",
    "steer_traj": 0.00425354837652818,
    "throttle_traj": 0.75,
    "brake_traj": 0.0,
    "plan": [
        [
            0.019865870475769043,
            3.501818895339966
        ],
        [
            0.13847987353801727,
            7.548839092254639
        ],
        [
            0.10974188148975372,
            11.352629661560059
        ],
        [
            -0.04158223792910576,
            14.910284042358398
        ],
        [
            0.09530769288539886,
            18.96068000793457
        ],
        [
            0.1688162386417389,
            23.282123565673828
        ]
    ],
    "command": 3
}