{
    "speed": 6.844777152613393,
    "steer": 0.0057167233899235725,
    "throttle": 0.75,
    "brake": 0.0,
    "wp_4": [
        -0.04317837581038475,
        14.91814136505127
    ],
    "wp_3": [
        0.10859017074108124,
        11.359825134277344
    ],
    "wp_2": [
        0.13782767951488495,
        7.555204391479492
    ],
    "wp_1": [
        0.02115466445684433,
        3.5061700344085693
    ],
    "aim": [
        0.02115466445684433,
        3.5061700344085693
    ],
    "target": [
        -1.035742323799284,
        46.63398039012474
    ],
    "desired_speed": 7.91906337738037,
    "angle": 0.003841042888707646,
    "angle_last": 0.010690356588396432,
    "angle_target": -0.01413702302602565,
    "angle_final": 0.003841042888707646,
    "delta": 0.25,
    "agent": "only_traj",
    "steer_traj": 0.005716723621788565,
    "throttle_traj": 0.75,
    "brake_traj": 0.0,
    "plan": [
        [
            0.02115466445684433,
            3.5061700344085693
        ],
        [
            0.13782767951488495,
            7.555204391479492
        ],
        [
            0.10859017074108124,
            11.359825134277344
        ],
        [
            -0.04317837581038475,
            14.91814136505127
        ],
        [
            0.09523613750934601,
            18.971511840820312
        ],
        [
            0.16785840690135956,
            23.295827865600586
        ]
    ],
    "command": 3
}