{
    "speed": 8.215353790883723,
    "steer": 0.0026438264176249504,
    "throttle": 0.10538075119256973,
    "brake": 0.0,
    "wp_4": [
        -0.04384566470980644,
        14.922171592712402
    ],
    "wp_3": [
        0.1076599508523941,
        11.36205005645752
    ],
    "wp_2": [
        0.13790716230869293,
        7.558595180511475
    ],
    "wp_1": [
        0.022243119776248932,
        3.5082104206085205
    ],
    "aim": [
        0.022243119776248932,
        3.5082104206085205
    ],
    "target": [
        0.14798149085058404,
        42.10478826611755
    ],
    "desired_speed": 7.921537113189697,
    "angle": 0.004036310407979232,
    "angle_last": 0.01061454148860929,
    "angle_target": 0.002237454669736603,
    "angle_final": 0.002237454669736603,
    "delta": 0.0,
    "agent": "only_traj",
    "steer_traj": 0.002643826413886569,
    "throttle_traj": 0.10538075085352024,
    "brake_traj": 0.0,
    "plan": [
        [
            0.022243119776248932,
            3.5082104206085205
        ],
        [
            0.13790716230869293,
            7.558595180511475
        ],
        [
            0.1076599508523941,
            11.36205005645752
        ],
        [
            -0.04384566470980644,
            14.922171592712402
        ],
        [
            0.09525294601917267,
            18.97726821899414
        ],
        [
            0.16740182042121887,
            23.304073333740234
        ]
    ],
    "command": 3
}