{
    "speed": 7.636378629809374,
    "steer": 0.004666461143642664,
    "throttle": 0.75,
    "brake": 0.0,
    "wp_4": [
        -0.04436912760138512,
        14.922066688537598
    ],
    "wp_3": [
        0.10730810463428497,
        11.361176490783691
    ],
    "wp_2": [
        0.1377987414598465,
        7.55802059173584
    ],
    "wp_1": [
        0.02111220359802246,
        3.5078952312469482
    ],
    "aim": [
        0.02111220359802246,
        3.5078952312469482
    ],
    "target": [
        -2.152576314369515,
        38.35687725610309
    ],
    "desired_speed": 7.921006202697753,
    "angle": 0.0038314047328788497,
    "angle_last": 0.010692860991092104,
    "angle_target": -0.03568947284278296,
    "angle_final": 0.0038314047328788497,
    "delta": 0.25,
    "agent": "only_traj",
    "steer_traj": 0.004666461266043193,
    "throttle_traj": 0.75,
    "brake_traj": 0.0,
    "plan": [
        [
            0.02111220359802246,
            3.5078952312469482
        ],
        [
            0.1377987414598465,
            7.55802059173584
        ],
        [
            0.10730810463428497,
            11.361176490783691
        ],
        [
            -0.04436912760138512,
            14.922066688537598
        ],
        [
            0.09462113678455353,
            18.976375579833984
        ],
        [
            0.16728921234607697,
            23.302387237548828
        ]
    ],
    "command": 3
}