{
    "speed": 7.676120165347284,
    "steer": 0.004777850117534399,
    "throttle": 0.75,
    "brake": 0.0,
    "wp_4": [
        -0.043585579842329025,
        14.920967102050781
    ],
    "wp_3": [
        0.1075742244720459,
        11.361481666564941
    ],
    "wp_2": [
        0.13822928071022034,
        7.556966304779053
    ],
    "wp_1": [
        0.02097974717617035,
        3.5081169605255127
    ],
    "aim": [
        0.02097974717617035,
        3.5081169605255127
    ],
    "target": [
        -1.407209765938819,
        34.86804567145594
    ],
    "desired_speed": 7.920923423767089,
    "angle": 0.0038071955068206937,
    "angle_last": 0.010644594320957348,
    "angle_target": -0.025678859637660607,
    "angle_final": 0.0038071955068206937,
    "delta": 0.24480325841980477,
    "agent": "only_traj",
    "steer_traj": 0.004777850164563093,
    "throttle_traj": 0.75,
    "brake_traj": 0.0,
    "plan": [
        [
            0.02097974717617035,
            3.5081169605255127
        ],
        [
            0.13822928071022034,
            7.556966304779053
        ],
        [
            0.1075742244720459,
            11.361481666564941
        ],
        [
            -0.043585579842329025,
            14.920967102050781
        ],
        [
            0.09511744976043701,
            18.975767135620117
        ],
        [
            0.1674681007862091,
            23.302419662475586
        ]
    ],
    "command": 3
}