{
    "speed": 7.944512995522557,
    "steer": 0.005083308555185795,
    "throttle": 0.0,
    "brake": 0.0,
    "wp_4": [
        -0.04445483908057213,
        14.923746109008789
    ],
    "wp_3": [
        0.10668130218982697,
        11.363703727722168
    ],
    "wp_2": [
        0.13714800775051117,
        7.559000492095947
    ],
    "wp_1": [
        0.021067582070827484,
        3.508932590484619
    ],
    "aim": [
        0.021067582070827484,
        3.508932590484619
    ],
    "target": [
        -0.5138015523344973,
        32.76441616120948
    ],
    "desired_speed": 7.921593284606933,
    "angle": 0.0038222219229947217,
    "angle_last": 0.010759796844958229,
    "angle_target": -0.009982458315593674,
    "angle_final": 0.0038222219229947217,
    "delta": 0.0,
    "agent": "only_traj",
    "steer_traj": 0.005083308715412452,
    "throttle_traj": 0.0,
    "brake_traj": 0.0,
    "plan": [
        [
            0.021067582070827484,
            3.508932590484619
        ],
        [
            0.13714800775051117,
            7.559000492095947
        ],
        [
            0.10668130218982697,
            11.363703727722168
        ],
        [
            -0.04445483908057213,
            14.923746109008789
        ],
        [
            0.09416675567626953,
            18.97917366027832
        ],
        [
            0.1672852337360382,
            23.3049373626709
        ]
    ],
    "command": 3
}