{
    "speed": 3.19006030572611e-05,
    "steer": 0.002536015585064888,
    "throttle": 0.75,
    "brake": 0.0,
    "wp_4": [
        -0.032275792211294174,
        14.889094352722168
    ],
    "wp_3": [
        0.11753226816654205,
        11.326334953308105
    ],
    "wp_2": [
        0.1395900845527649,
        7.5216288566589355
    ],
    "wp_1": [
        0.015944696962833405,
        3.4807660579681396
    ],
    "aim": [
        0.015944696962833405,
        3.4807660579681396
    ],
    "target": [
        -0.6771481547419178,
        51.25261055345002
    ],
    "desired_speed": 7.906491947174073,
    "angle": 0.0029162352750879187,
    "angle_last": 0.01106389204500535,
    "angle_target": -0.008410514492610708,
    "angle_final": 0.0029162352750879187,
    "delta": 0.25,
    "agent": "only_traj",
    "steer_traj": 0.002536015519914219,
    "throttle_traj": 0.75,
    "brake_traj": 0.0,
    "plan": [
        [
            0.015944696962833405,
            3.4807660579681396
        ],
        [
            0.1395900845527649,
            7.5216288566589355
        ],
        [
            0.11753226816654205,
            11.326334953308105
        ],
        [
            -0.032275792211294174,
            14.889094352722168
        ],
        [
            0.09494926035404205,
            18.923330307006836
        ],
        [
            0.16996338963508606,
            23.239234924316406
        ]
    ],
    "command": 3
}