{
    "speed": 1.5029047207505097,
    "steer": 0.00288379262201488,
    "throttle": 0.75,
    "brake": 0.0,
    "wp_4": [
        -0.03615368530154228,
        14.895362854003906
    ],
    "wp_3": [
        0.1145639717578888,
        11.333880424499512
    ],
    "wp_2": [
        0.13940612971782684,
        7.531346797943115
    ],
    "wp_1": [
        0.0161731094121933,
        3.489109992980957
    ],
    "aim": [
        0.0161731094121933,
        3.489109992980957
    ],
    "target": [
        -0.28237869297332285,
        51.28752979176126
    ],
    "desired_speed": 7.909217643737794,
    "angle": 0.0029509174578734284,
    "angle_last": 0.011147751589814953,
    "angle_target": -0.0035050633852549257,
    "angle_final": 0.0029509174578734284,
    "delta": 0.25,
    "agent": "only_traj",
    "steer_traj": 0.002883792611709751,
    "throttle_traj": 0.75,
    "brake_traj": 0.0,
    "plan": [
        [
            0.0161731094121933,
            3.489109992980957
        ],
        [
            0.13940612971782684,
            7.531346797943115
        ],
        [
            0.1145639717578888,
            11.333880424499512
        ],
        [
            -0.03615368530154228,
            14.895362854003906
        ],
        [
            0.09412075579166412,
            18.93575668334961
        ],
        [
            0.16974887251853943,
            23.25424575805664
        ]
    ],
    "command": 3
}