{
    "speed": 3.3316230858013722,
    "steer": 0.0035693258978426456,
    "throttle": 0.75,
    "brake": 0.0,
    "wp_4": [
        -0.039287324994802475,
        14.902802467346191
    ],
    "wp_3": [
        0.11180774867534637,
        11.343622207641602
    ],
    "wp_2": [
        0.1390651911497116,
        7.541203022003174
    ],
    "wp_1": [
        0.017834901809692383,
        3.496495246887207
    ],
    "aim": [
        0.017834901809692383,
        3.496495246887207
    ],
    "target": [
        0.5266023073039484,
        51.31693040928908
    ],
    "desired_speed": 7.912448596954346,
    "angle": 0.0032472717768612033,
    "angle_last": 0.010954912582248259,
    "angle_target": 0.006532613535740297,
    "angle_final": 0.0032472717768612033,
    "delta": 0.25,
    "agent": "only_traj",
    "steer_traj": 0.0035693258887901425,
    "throttle_traj": 0.75,
    "brake_traj": 0.0,
    "plan": [
        [
            0.017834901809692383,
            3.496495246887207
        ],
        [
            0.1390651911497116,
            7.541203022003174
        ],
        [
            0.11180774867534637,
            11.343622207641602
        ],
        [
            -0.039287324994802475,
            14.902802467346191
        ],
        [
            0.09509098529815674,
            18.948989868164062
        ],
        [
            0.16944736242294312,
            23.26962661743164
        ]
    ],
    "command": 3
}