{
    "speed": 5.255646469290083,
    "steer": 0.004362576175481081,
    "throttle": 0.75,
    "brake": 0.0,
    "wp_4": [
        -0.041758935898542404,
        14.909147262573242
    ],
    "wp_3": [
        0.10966344177722931,
        11.350533485412598
    ],
    "wp_2": [
        0.13871851563453674,
        7.548440933227539
    ],
    "wp_1": [
        0.019521676003932953,
        3.501039505004883
    ],
    "aim": [
        0.019521676003932953,
        3.501039505004883
    ],
    "target": [
        0.5198737233705515,
        49.39280701088637
    ],
    "desired_speed": 7.915748596191406,
    "angle": 0.003549697375111213,
    "angle_last": 0.010927819498540542,
    "angle_target": 0.006700361667158801,
    "angle_final": 0.003549697375111213,
    "delta": 0.25,
    "agent": "only_traj",
    "steer_traj": 0.004362576031270717,
    "throttle_traj": 0.75,
    "brake_traj": 0.0,
    "plan": [
        [
            0.019521676003932953,
            3.501039505004883
        ],
        [
            0.13871851563453674,
            7.548440933227539
        ],
        [
            0.10966344177722931,
            11.350533485412598
        ],
        [
            -0.041758935898542404,
            14.909147262573242
        ],
        [
            0.09461753070354462,
            18.95908546447754
        ],
        [
            0.16883626580238342,
            23.282392501831055
        ]
    ],
    "command": 3
}