{
    "speed": 6.869682214340862,
    "steer": 0.0060895830392837524,
    "throttle": 0.75,
    "brake": 0.0,
    "wp_4": [
        -0.043236952275037766,
        14.917448997497559
    ],
    "wp_3": [
        0.10849477350711823,
        11.358397483825684
    ],
    "wp_2": [
        0.13832347095012665,
        7.555379390716553
    ],
    "wp_1": [
        0.020260125398635864,
        3.506385326385498
    ],
    "aim": [
        0.020260125398635864,
        3.506385326385498
    ],
    "target": [
        -1.1141538883396849,
        46.60275394640056
    ],
    "desired_speed": 7.91891679763794,
    "angle": 0.003678408495470564,
    "angle_last": 0.01074044464230986,
    "angle_target": -0.015217068627740294,
    "angle_final": 0.003678408495470564,
    "delta": 0.25,
    "agent": "only_traj",
    "steer_traj": 0.0060895830048785645,
    "throttle_traj": 0.75,
    "brake_traj": 0.0,
    "plan": [
        [
            0.020260125398635864,
            3.506385326385498
        ],
        [
            0.13832347095012665,
            7.555379390716553
        ],
        [
            0.10849477350711823,
            11.358397483825684
        ],
        [
            -0.043236952275037766,
            14.917448997497559
        ],
        [
            0.09469549357891083,
            18.970794677734375
        ],
        [
            0.16766715049743652,
            23.295644760131836
        ]
    ],
    "command": 3
}