{
    "speed": 8.240726753698276,
    "steer": 0.000454796536359936,
    "throttle": 0.1050558015704155,
    "brake": 0.0,
    "wp_4": [
        -0.04397052153944969,
        14.923970222473145
    ],
    "wp_3": [
        0.10722613334655762,
        11.363469123840332
    ],
    "wp_2": [
        0.13756781816482544,
        7.5596795082092285
    ],
    "wp_1": [
        0.021853238344192505,
        3.5090339183807373
    ],
    "aim": [
        0.021853238344192505,
        3.5090339183807373
    ],
    "target": [
        -0.014159366450438693,
        42.06217679621208
    ],
    "desired_speed": 7.922079372406006,
    "angle": 0.003964593421694099,
    "angle_last": 0.010593595575154584,
    "angle_target": -0.00021430494074832238,
    "angle_final": -0.00021430494074832238,
    "delta": 0.0,
    "agent": "only_traj",
    "steer_traj": 0.00045479653615227724,
    "throttle_traj": 0.10505579801019053,
    "brake_traj": 0.0,
    "plan": [
        [
            0.021853238344192505,
            3.5090339183807373
        ],
        [
            0.13756781816482544,
            7.5596795082092285
        ],
        [
            0.10722613334655762,
            11.363469123840332
        ],
        [
            -0.04397052153944969,
            14.923970222473145
        ],
        [
            0.09524430334568024,
            18.979238510131836
        ],
        [
            0.1672540009021759,
            23.30626106262207
        ]
    ],
    "command": 3
}