{
    "speed": 7.656901390136579,
    "steer": 0.004878859035670757,
    "throttle": 0.75,
    "brake": 0.0,
    "wp_4": [
        -0.044202592223882675,
        14.923054695129395
    ],
    "wp_3": [
        0.1068786084651947,
        11.36279010772705
    ],
    "wp_2": [
        0.13776059448719025,
        7.558503150939941
    ],
    "wp_1": [
        0.02067376673221588,
        3.5087010860443115
    ],
    "aim": [
        0.02067376673221588,
        3.5087010860443115
    ],
    "target": [
        -2.3433952062300776,
        38.29370741234358
    ],
    "desired_speed": 7.921402454376221,
    "angle": 0.003751036173645033,
    "angle_last": 0.010638219477732,
    "angle_target": -0.03890962080183114,
    "angle_final": 0.003751036173645033,
    "delta": 0.25,
    "agent": "only_traj",
    "steer_traj": 0.00487885885778009,
    "throttle_traj": 0.75,
    "brake_traj": 0.0,
    "plan": [
        [
            0.02067376673221588,
            3.5087010860443115
        ],
        [
            0.13776059448719025,
            7.558503150939941
        ],
        [
            0.1068786084651947,
            11.36279010772705
        ],
        [
            -0.044202592223882675,
            14.923054695129395
        ],
        [
            0.0946449339389801,
            18.9780216217041
        ],
        [
            0.16694431006908417,
            23.3042049407959
        ]
    ],
    "command": 3
}