{
    "speed": 7.583379911924084,
    "steer": 0.004941795952618122,
    "throttle": 0.75,
    "brake": 0.0,
    "wp_4": [
        -0.043676894158124924,
        14.920754432678223
    ],
    "wp_3": [
        0.10758928954601288,
        11.360962867736816
    ],
    "wp_2": [
        0.13823136687278748,
        7.556844711303711
    ],
    "wp_1": [
        0.020669937133789062,
        3.5082366466522217
    ],
    "aim": [
        0.020669937133789062,
        3.5082366466522217
    ],
    "target": [
        -1.6024446570777078,
        34.834007310642214
    ],
    "desired_speed": 7.920314788818359,
    "angle": 0.0037508085006726995,
    "angle_last": 0.010609608574208727,
    "angle_target": -0.029265345200538813,
    "angle_final": 0.0037508085006726995,
    "delta": 0.25,
    "agent": "only_traj",
    "steer_traj": 0.004941795831256576,
    "throttle_traj": 0.75,
    "brake_traj": 0.0,
    "plan": [
        [
            0.020669937133789062,
            3.5082366466522217
        ],
        [
            0.13823136687278748,
            7.556844711303711
        ],
        [
            0.10758928954601288,
            11.360962867736816
        ],
        [
            -0.043676894158124924,
            14.920754432678223
        ],
        [
            0.09492075443267822,
            18.975126266479492
        ],
        [
            0.1670204997062683,
            23.30101203918457
        ]
    ],
    "command": 3
}