{
    "speed": 7.897196864760373,
    "steer": 0.005482547450810671,
    "throttle": 0.19706110656261444,
    "brake": 0.0,
    "wp_4": [
        -0.0443592332303524,
        14.924480438232422
    ],
    "wp_3": [
        0.1069876104593277,
        11.364692687988281
    ],
    "wp_2": [
        0.1372927874326706,
        7.560003280639648
    ],
    "wp_1": [
        0.021705858409404755,
        3.5096423625946045
    ],
    "aim": [
        0.021705858409404755,
        3.5096423625946045
    ],
    "target": [
        -0.9438620660522352,
        29.972615644646602
    ],
    "desired_speed": 7.920980453491211,
    "angle": 0.0039371967740232695,
    "angle_last": 0.010553373350042288,
    "angle_target": -0.020041051914811307,
    "angle_final": 0.0039371967740232695,
    "delta": 0.02378358873083819,
    "agent": "only_traj",
    "steer_traj": 0.005482547508864739,
    "throttle_traj": 0.19706111095701515,
    "brake_traj": 0.0,
    "plan": [
        [
            0.021705858409404755,
            3.5096423625946045
        ],
        [
            0.1372927874326706,
            7.560003280639648
        ],
        [
            0.1069876104593277,
            11.364692687988281
        ],
        [
            -0.0443592332303524,
            14.924480438232422
        ],
        [
            0.09482993185520172,
            18.98004913330078
        ],
        [
            0.16651739180088043,
            23.304126739501953
        ]
    ],
    "command": 3
}