{
    "speed": 8.010021278954992,
    "steer": 0.005645236931741238,
    "throttle": 0.05974293500185013,
    "brake": 0.0,
    "wp_4": [
        -0.043733861297369,
        14.924100875854492
    ],
    "wp_3": [
        0.1065322756767273,
        11.363044738769531
    ],
    "wp_2": [
        0.1376253366470337,
        7.559344291687012
    ],
    "wp_1": [
        0.021527692675590515,
        3.5087571144104004
    ],
    "aim": [
        0.021527692675590515,
        3.5087571144104004
    ],
    "target": [
        -2.204949010858632,
        26.931369089458503
    ],
    "desired_speed": 7.921181011199952,
    "angle": 0.003905853794831989,
    "angle_last": 0.01083993773121971,
    "angle_target": -0.05200590591027777,
    "angle_final": 0.003905853794831989,
    "delta": 0.0,
    "agent": "only_traj",
    "steer_traj": 0.005645236802792005,
    "throttle_traj": 0.05974293527513963,
    "brake_traj": 0.0,
    "plan": [
        [
            0.021527692675590515,
            3.5087571144104004
        ],
        [
            0.1376253366470337,
            7.559344291687012
        ],
        [
            0.1065322756767273,
            11.363044738769531
        ],
        [
            -0.043733861297369,
            14.924100875854492
        ],
        [
            0.09458465874195099,
            18.978940963745117
        ],
        [
            0.16823183000087738,
            23.30376434326172
        ]
    ],
    "command": 3
}