{
    "speed": 8.012432159272603,
    "steer": 0.005596947856247425,
    "throttle": 0.05558101460337639,
    "brake": 0.0,
    "wp_4": [
        -0.04438541457056999,
        14.923593521118164
    ],
    "wp_3": [
        0.1066935807466507,
        11.36197280883789
    ],
    "wp_2": [
        0.1375693529844284,
        7.559011459350586
    ],
    "wp_1": [
        0.02110391855239868,
        3.5089447498321533
    ],
    "aim": [
        0.02110391855239868,
        3.5089447498321533
    ],
    "target": [
        -1.2397778579428265,
        21.881592198856755
    ],
    "desired_speed": 7.920821189880371,
    "angle": 0.003828824439192401,
    "angle_last": 0.010760707536847564,
    "angle_target": -0.03603138882091961,
    "angle_final": 0.003828824439192401,
    "delta": 0.0,
    "agent": "only_traj",
    "steer_traj": 0.005596947898364967,
    "throttle_traj": 0.05558101458919991,
    "brake_traj": 0.0,
    "plan": [
        [
            0.02110391855239868,
            3.5089447498321533
        ],
        [
            0.1375693529844284,
            7.559011459350586
        ],
        [
            0.1066935807466507,
            11.36197280883789
        ],
        [
            -0.04438541457056999,
            14.923593521118164
        ],
        [
            0.0945504903793335,
            18.97825050354004
        ],
        [
            0.1676580011844635,
            23.302997589111328
        ]
    ],
    "command": 3
}