{
    "speed": 7.7471443857949795,
    "steer": 0.0056887841783463955,
    "throttle": 0.75,
    "brake": 0.0,
    "wp_4": [
        -0.043955352157354355,
        14.924777030944824
    ],
    "wp_3": [
        0.10646624863147736,
        11.362298965454102
    ],
    "wp_2": [
        0.13760784268379211,
        7.559323310852051
    ],
    "wp_1": [
        0.020657554268836975,
        3.5091142654418945
    ],
    "aim": [
        0.020657554268836975,
        3.5091142654418945
    ],
    "target": [
        -2.3775780900024563,
        17.94740599034214
    ],
    "desired_speed": 7.9209465980529785,
    "angle": 0.0037476210790600268,
    "angle_last": 0.010793871899817516,
    "angle_target": -0.08384782124403335,
    "angle_final": 0.0037476210790600268,
    "delta": 0.17380221225799897,
    "agent": "only_traj",
    "steer_traj": 0.005688784398586751,
    "throttle_traj": 0.75,
    "brake_traj": 0.0,
    "plan": [
        [
            0.020657554268836975,
            3.5091142654418945
        ],
        [
            0.13760784268379211,
            7.559323310852051
        ],
        [
            0.10646624863147736,
            11.362298965454102
        ],
        [
            -0.043955352157354355,
            14.924777030944824
        ],
        [
            0.09429766237735748,
            18.978748321533203
        ],
        [
            0.16763097047805786,
            23.303512573242188
        ]
    ],
    "command": 3
}