{
    "speed": 7.604790266561009,
    "steer": 0.005670885089784861,
    "throttle": 0.75,
    "brake": 0.0,
    "wp_4": [
        -0.043893199414014816,
        14.920576095581055
    ],
    "wp_3": [
        0.10752023756504059,
        11.359911918640137
    ],
    "wp_2": [
        0.13822109997272491,
        7.55739164352417
    ],
    "wp_1": [
        0.020589187741279602,
        3.5082473754882812
    ],
    "aim": [
        0.020589187741279602,
        3.5082473754882812
    ],
    "target": [
        -2.4173938045337797,
        14.554832385821348
    ],
    "desired_speed": 7.91964635848999,
    "angle": 0.0037361615394525607,
    "angle_last": 0.010785523890831943,
    "angle_target": -0.10477890552708542,
    "angle_final": 0.0037361615394525607,
    "delta": 0.25,
    "agent": "only_traj",
    "steer_traj": 0.0056708850340930865,
    "throttle_traj": 0.75,
    "brake_traj": 0.0,
    "plan": [
        [
            0.020589187741279602,
            3.5082473754882812
        ],
        [
            0.13822109997272491,
            7.55739164352417
        ],
        [
            0.10752023756504059,
            11.359911918640137
        ],
        [
            -0.043893199414014816,
            14.920576095581055
        ],
        [
            0.09462743997573853,
            18.974145889282227
        ],
        [
            0.16791094839572906,
            23.299325942993164
        ]
    ],
    "command": 3
}