{
    "speed": 7.68531425702581,
    "steer": 0.005669321399182081,
    "throttle": 0.75,
    "brake": 0.0,
    "wp_4": [
        -0.04432840272784233,
        14.924287796020508
    ],
    "wp_3": [
        0.10652658343315125,
        11.361855506896973
    ],
    "wp_2": [
        0.1376912146806717,
        7.559154987335205
    ],
    "wp_1": [
        0.02058868110179901,
        3.508544683456421
    ],
    "aim": [
        0.02058868110179901,
        3.508544683456421
    ],
    "target": [
        -1.8991663648815282,
        10.450838890062474
    ],
    "desired_speed": 7.92063217163086,
    "angle": 0.0037357061935078934,
    "angle_last": 0.010658937718214374,
    "angle_target": -0.11444014283069606,
    "angle_final": 0.0037357061935078934,
    "delta": 0.2353179146050497,
    "agent": "only_traj",
    "steer_traj": 0.005669321205364369,
    "throttle_traj": 0.75,
    "brake_traj": 0.0,
    "plan": [
        [
            0.02058868110179901,
            3.508544683456421
        ],
        [
            0.1376912146806717,
            7.559154987335205
        ],
        [
            0.10652658343315125,
            11.361855506896973
        ],
        [
            -0.04432840272784233,
            14.924287796020508
        ],
        [
            0.09444089233875275,
            18.97735023498535
        ],
        [
            0.16685748100280762,
            23.30213165283203
        ]
    ],
    "command": 3
}