{
    "speed": 7.987856184901105,
    "steer": 0.005692165344953537,
    "throttle": 0.05776767432689667,
    "brake": 0.0,
    "wp_4": [
        -0.04445905610918999,
        14.925739288330078
    ],
    "wp_3": [
        0.10645242035388947,
        11.363482475280762
    ],
    "wp_2": [
        0.13797633349895477,
        7.559840679168701
    ],
    "wp_1": [
        0.02094685286283493,
        3.510498285293579
    ],
    "aim": [
        0.02094685286283493,
        3.510498285293579
    ],
    "target": [
        -2.547895388166134,
        6.8370568698727485
    ],
    "desired_speed": 7.921344947814942,
    "angle": 0.0037986198248627884,
    "angle_last": 0.010760403972884452,
    "angle_target": -0.2270932870206522,
    "angle_final": 0.0037986198248627884,
    "delta": 0.0,
    "agent": "only_traj",
    "steer_traj": 0.005692165342225907,
    "throttle_traj": 0.05776767311592438,
    "brake_traj": 0.0,
    "plan": [
        [
            0.02094685286283493,
            3.510498285293579
        ],
        [
            0.13797633349895477,
            7.559840679168701
        ],
        [
            0.10645242035388947,
            11.363482475280762
        ],
        [
            -0.04445905610918999,
            14.925739288330078
        ],
        [
            0.0938473641872406,
            18.980627059936523
        ],
        [
            0.1669614166021347,
            23.30586814880371
        ]
    ],
    "command": 3
}