{
    "speed": 7.9785855230815725,
    "steer": -0.005793116055428982,
    "throttle": 0.0,
    "brake": 0.0,
    "wp_4": [
        -0.044643860310316086,
        14.924427032470703
    ],
    "wp_3": [
        0.10688437521457672,
        11.363226890563965
    ],
    "wp_2": [
        0.13761645555496216,
        7.559718132019043
    ],
    "wp_1": [
        0.020766697824001312,
        3.509303331375122
    ],
    "aim": [
        0.020766697824001312,
        3.509303331375122
    ],
    "target": [
        -5.67378949477312,
        54.02360107562688
    ],
    "desired_speed": 7.921148204803468,
    "angle": 0.0037672009546807295,
    "angle_last": 0.010715552397334701,
    "angle_target": -0.06661631767366284,
    "angle_final": 0.0037672009546807295,
    "delta": 0.0,
    "agent": "only_traj",
    "steer_traj": -0.005793116033909253,
    "throttle_traj": 0.0,
    "brake_traj": 0.0,
    "plan": [
        [
            0.020766697824001312,
            3.509303331375122
        ],
        [
            0.13761645555496216,
            7.559718132019043
        ],
        [
            0.10688437521457672,
            11.363226890563965
        ],
        [
            -0.044643860310316086,
            14.924427032470703
        ],
        [
            0.09406706690788269,
            18.979141235351562
        ],
        [
            0.16687221825122833,
            23.304157257080078
        ]
    ],
    "command": 3
}