{
    "speed": 7.708838776957835,
    "steer": -0.005722874775528908,
    "throttle": 0.75,
    "brake": 0.0,
    "wp_4": [
        -0.04414079710841179,
        14.924283027648926
    ],
    "wp_3": [
        0.10710380971431732,
        11.363737106323242
    ],
    "wp_2": [
        0.13789956271648407,
        7.558998107910156
    ],
    "wp_1": [
        0.021254613995552063,
        3.5095901489257812
    ],
    "aim": [
        0.021254613995552063,
        3.5095901489257812
    ],
    "target": [
        -5.005037625534301,
        51.01435482850205
    ],
    "desired_speed": 7.920127296447753,
    "angle": 0.0038553862859646727,
    "angle_last": 0.010616211090406405,
    "angle_target": -0.062259753121632344,
    "angle_final": 0.0038553862859646727,
    "delta": 0.21128851948991834,
    "agent": "only_traj",
    "steer_traj": -0.005722874653076056,
    "throttle_traj": 0.75,
    "brake_traj": 0.0,
    "plan": [
        [
            0.021254613995552063,
            3.5095901489257812
        ],
        [
            0.13789956271648407,
            7.558998107910156
        ],
        [
            0.10710380971431732,
            11.363737106323242
        ],
        [
            -0.04414079710841179,
            14.924283027648926
        ],
        [
            0.0948411226272583,
            18.97809410095215
        ],
        [
            0.16695153713226318,
            23.301910400390625
        ]
    ],
    "command": 3
}