{
    "speed": 7.5995590094380425,
    "steer": -0.005782519467175007,
    "throttle": 0.75,
    "brake": 0.0,
    "wp_4": [
        -0.04397709295153618,
        14.923749923706055
    ],
    "wp_3": [
        0.10683044791221619,
        11.362388610839844
    ],
    "wp_2": [
        0.13794885575771332,
        7.558959484100342
    ],
    "wp_1": [
        0.020977921783924103,
        3.5084919929504395
    ],
    "aim": [
        0.020977921783924103,
        3.5084919929504395
    ],
    "target": [
        -3.8201796247520736,
        46.2945088966688
    ],
    "desired_speed": 7.920972156524658,
    "angle": 0.0038064365969129143,
    "angle_last": 0.010733386780167513,
    "angle_target": -0.052414513737601094,
    "angle_final": 0.0038064365969129143,
    "delta": 0.25,
    "agent": "only_traj",
    "steer_traj": -0.005782519280003196,
    "throttle_traj": 0.75,
    "brake_traj": 0.0,
    "plan": [
        [
            0.020977921783924103,
            3.5084919929504395
        ],
        [
            0.13794885575771332,
            7.558959484100342
        ],
        [
            0.10683044791221619,
            11.362388610839844
        ],
        [
            -0.04397709295153618,
            14.923749923706055
        ],
        [
            0.0942039042711258,
            18.97782325744629
        ],
        [
            0.16713225841522217,
            23.302946090698242
        ]
    ],
    "command": 3
}