{
    "speed": 7.744094841530232,
    "steer": -0.005807367153465748,
    "throttle": 0.75,
    "brake": 0.0,
    "wp_4": [
        -0.04433777555823326,
        14.923325538635254
    ],
    "wp_3": [
        0.10655198991298676,
        11.361834526062012
    ],
    "wp_2": [
        0.1374129354953766,
        7.559307098388672
    ],
    "wp_1": [
        0.020628854632377625,
        3.5088038444519043
    ],
    "aim": [
        0.020628854632377625,
        3.5088038444519043
    ],
    "target": [
        -2.1793263311193067,
        42.063884273166096
    ],
    "desired_speed": 7.920655727386475,
    "angle": 0.0037427640556502396,
    "angle_last": 0.010653018220933695,
    "angle_target": -0.03295375275179482,
    "angle_final": 0.0037427640556502396,
    "delta": 0.17656088585624286,
    "agent": "only_traj",
    "steer_traj": -0.005807366939021269,
    "throttle_traj": 0.75,
    "brake_traj": 0.0,
    "plan": [
        [
            0.020628854632377625,
            3.5088038444519043
        ],
        [
            0.1374129354953766,
            7.559307098388672
        ],
        [
            0.10655198991298676,
            11.361834526062012
        ],
        [
            -0.04433777555823326,
            14.923325538635254
        ],
        [
            0.09437152743339539,
            18.97760581970215
        ],
        [
            0.16674910485744476,
            23.302461624145508
        ]
    ],
    "command": 3
}