{
    "speed": 8.00816914182359,
    "steer": 0.005664194468408823,
    "throttle": 0.05442754551768303,
    "brake": 0.0,
    "wp_4": [
        -0.04432722553610802,
        14.925576210021973
    ],
    "wp_3": [
        0.10665042698383331,
        11.363685607910156
    ],
    "wp_2": [
        0.13795630633831024,
        7.559966087341309
    ],
    "wp_1": [
        0.020740680396556854,
        3.509884834289551
    ],
    "aim": [
        0.020740680396556854,
        3.509884834289551
    ],
    "target": [
        -2.7239516888531625,
        38.2645510467391
    ],
    "desired_speed": 7.921046543121339,
    "angle": 0.0037618885853262754,
    "angle_last": 0.010654004803813809,
    "angle_target": -0.045242947625817403,
    "angle_final": 0.0037618885853262754,
    "delta": 0.0,
    "agent": "only_traj",
    "steer_traj": 0.005664194294618628,
    "throttle_traj": 0.05442754561161125,
    "brake_traj": 0.0,
    "plan": [
        [
            0.020740680396556854,
            3.509884834289551
        ],
        [
            0.13795630633831024,
            7.559966087341309
        ],
        [
            0.10665042698383331,
            11.363685607910156
        ],
        [
            -0.04432722553610802,
            14.925576210021973
        ],
        [
            0.09410415589809418,
            18.979745864868164
        ],
        [
            0.1664871871471405,
            23.30451011657715
        ]
    ],
    "command": 3
}