{
    "speed": 7.938515538828064,
    "steer": 0.005686704069375992,
    "throttle": 0.0,
    "brake": 0.0,
    "wp_4": [
        -0.044372331351041794,
        14.926753044128418
    ],
    "wp_3": [
        0.10612821578979492,
        11.363901138305664
    ],
    "wp_2": [
        0.13790790736675262,
        7.560283184051514
    ],
    "wp_1": [
        0.020955108106136322,
        3.5107953548431396
    ],
    "aim": [
        0.020955108106136322,
        3.5107953548431396
    ],
    "target": [
        -3.9328621184179218,
        34.185523002612314
    ],
    "desired_speed": 7.921326732635498,
    "angle": 0.003799758189724457,
    "angle_last": 0.010692709209110548,
    "angle_target": -0.07291913586803835,
    "angle_final": 0.003799758189724457,
    "delta": 0.0,
    "agent": "only_traj",
    "steer_traj": 0.005686704036802051,
    "throttle_traj": 0.0,
    "brake_traj": 0.0,
    "plan": [
        [
            0.020955108106136322,
            3.5107953548431396
        ],
        [
            0.13790790736675262,
            7.560283184051514
        ],
        [
            0.10612821578979492,
            11.363901138305664
        ],
        [
            -0.044372331351041794,
            14.926753044128418
        ],
        [
            0.09365668892860413,
            18.981489181518555
        ],
        [
            0.16630077362060547,
            23.306154251098633
        ]
    ],
    "command": 3
}