{
    "speed": 7.380940821904707,
    "steer": 0.005532843992114067,
    "throttle": 0.75,
    "brake": 0.0,
    "wp_4": [
        -0.04439733549952507,
        14.921674728393555
    ],
    "wp_3": [
        0.10722853243350983,
        11.361061096191406
    ],
    "wp_2": [
        0.1380407065153122,
        7.557773113250732
    ],
    "wp_1": [
        0.02014026790857315,
        3.508894443511963
    ],
    "aim": [
        0.02014026790857315,
        3.508894443511963
    ],
    "target": [
        -3.0002707257153203,
        30.20254497756474
    ],
    "desired_speed": 7.920080852508545,
    "angle": 0.0036540474874308523,
    "angle_last": 0.010646415704736017,
    "angle_target": -0.06303395322724437,
    "angle_final": 0.0036540474874308523,
    "delta": 0.25,
    "agent": "only_traj",
    "steer_traj": 0.005532844065054975,
    "throttle_traj": 0.75,
    "brake_traj": 0.0,
    "plan": [
        [
            0.02014026790857315,
            3.508894443511963
        ],
        [
            0.1380407065153122,
            7.557773113250732
        ],
        [
            0.10722853243350983,
            11.361061096191406
        ],
        [
            -0.04439733549952507,
            14.921674728393555
        ],
        [
            0.09435456991195679,
            18.975576400756836
        ],
        [
            0.1666976660490036,
            23.301050186157227
        ]
    ],
    "command": 3
}