{
    "speed": 7.9943699814745655,
    "steer": 0.005657508037984371,
    "throttle": 0.06400318443775177,
    "brake": 0.0,
    "wp_4": [
        -0.044232871383428574,
        14.92535400390625
    ],
    "wp_3": [
        0.10696184635162354,
        11.364181518554688
    ],
    "wp_2": [
        0.13757318258285522,
        7.559814453125
    ],
    "wp_1": [
        0.020958848297595978,
        3.509624481201172
    ],
    "aim": [
        0.020958848297595978,
        3.509624481201172
    ],
    "target": [
        -1.7705898737793548,
        25.250366650827985
    ],
    "desired_speed": 7.921915531158447,
    "angle": 0.0038017313554846834,
    "angle_last": 0.010743783845904088,
    "angle_target": -0.04456768882612775,
    "angle_final": 0.0038017313554846834,
    "delta": 0.0,
    "agent": "only_traj",
    "steer_traj": 0.005657507824012402,
    "throttle_traj": 0.06400318776705624,
    "brake_traj": 0.0,
    "plan": [
        [
            0.020958848297595978,
            3.509624481201172
        ],
        [
            0.13757318258285522,
            7.559814453125
        ],
        [
            0.10696184635162354,
            11.364181518554688
        ],
        [
            -0.044232871383428574,
            14.92535400390625
        ],
        [
            0.09419888257980347,
            18.980331420898438
        ],
        [
            0.16721443831920624,
            23.306425094604492
        ]
    ],
    "command": 3
}