{
    "speed": 7.6097355119483385,
    "steer": 0.005698753520846367,
    "throttle": 0.75,
    "brake": 0.0,
    "wp_4": [
        -0.044426675885915756,
        14.925614356994629
    ],
    "wp_3": [
        0.10672472417354584,
        11.365043640136719
    ],
    "wp_2": [
        0.1374761313199997,
        7.560001373291016
    ],
    "wp_1": [
        0.02092704176902771,
        3.509564161300659
    ],
    "aim": [
        0.02092704176902771,
        3.509564161300659
    ],
    "target": [
        -2.457764351416058,
        23.09720927303657
    ],
    "desired_speed": 7.921329307556152,
    "angle": 0.003796039531176339,
    "angle_last": 0.010573939808543105,
    "angle_target": -0.06748848356439599,
    "angle_final": 0.003796039531176339,
    "delta": 0.25,
    "agent": "only_traj",
    "steer_traj": 0.005698753628862815,
    "throttle_traj": 0.75,
    "brake_traj": 0.0,
    "plan": [
        [
            0.02092704176902771,
            3.509564161300659
        ],
        [
            0.1374761313199997,
            7.560001373291016
        ],
        [
            0.10672472417354584,
            11.365043640136719
        ],
        [
            -0.044426675885915756,
            14.925614356994629
        ],
        [
            0.09474749863147736,
            18.98019027709961
        ],
        [
            0.1665852665901184,
            23.304895401000977
        ]
    ],
    "command": 3
}