{
    "speed": 7.7565645920926,
    "steer": 0.00580942677333951,
    "throttle": 0.75,
    "brake": 0.0,
    "wp_4": [
        -0.04430268332362175,
        14.922114372253418
    ],
    "wp_3": [
        0.10682034492492676,
        11.361784934997559
    ],
    "wp_2": [
        0.137970969080925,
        7.55816650390625
    ],
    "wp_1": [
        0.021664157509803772,
        3.5087454319000244
    ],
    "aim": [
        0.021664157509803772,
        3.5087454319000244
    ],
    "target": [
        -2.6879117715075336,
        18.910566081983436
    ],
    "desired_speed": 7.9205193519592285,
    "angle": 0.003930670148816368,
    "angle_last": 0.01065764757137115,
    "angle_target": -0.08988581842755469,
    "angle_final": 0.003930670148816368,
    "delta": 0.16395475986662866,
    "agent": "only_traj",
    "steer_traj": 0.005809426883670331,
    "throttle_traj": 0.75,
    "brake_traj": 0.0,
    "plan": [
        [
            0.021664157509803772,
            3.5087454319000244
        ],
        [
            0.137970969080925,
            7.55816650390625
        ],
        [
            0.10682034492492676,
            11.361784934997559
        ],
        [
            -0.04430268332362175,
            14.922114372253418
        ],
        [
            0.0946594774723053,
            18.976655960083008
        ],
        [
            0.16707777976989746,
            23.302053451538086
        ]
    ],
    "command": 3
}