{
    "speed": 7.854954662981008,
    "steer": 0.0057704877108335495,
    "throttle": 0.2207363098859787,
    "brake": 0.0,
    "wp_4": [
        -0.04425416514277458,
        14.92245101928711
    ],
    "wp_3": [
        0.10706828534603119,
        11.36230754852295
    ],
    "wp_2": [
        0.13815774023532867,
        7.558471202850342
    ],
    "wp_1": [
        0.021353892982006073,
        3.508466958999634
    ],
    "aim": [
        0.021353892982006073,
        3.508466958999634
    ],
    "target": [
        -2.6683794619467793,
        15.451891501659738
    ],
    "desired_speed": 7.921232223510742,
    "angle": 0.003874662597622264,
    "angle_last": 0.010631996416488211,
    "angle_target": -0.10886385884505256,
    "angle_final": 0.003874662597622264,
    "delta": 0.0662775605297341,
    "agent": "only_traj",
    "steer_traj": 0.005770487690620875,
    "throttle_traj": 0.2207363098939671,
    "brake_traj": 0.0,
    "plan": [
        [
            0.021353892982006073,
            3.508466958999634
        ],
        [
            0.13815774023532867,
            7.558471202850342
        ],
        [
            0.10706828534603119,
            11.36230754852295
        ],
        [
            -0.04425416514277458,
            14.92245101928711
        ],
        [
            0.09488949179649353,
            18.976905822753906
        ],
        [
            0.16715401411056519,
            23.303531646728516
        ]
    ],
    "command": 3
}