{
    "speed": 6.977238046831879,
    "steer": 0.005708043929189444,
    "throttle": 0.75,
    "brake": 0.0,
    "wp_4": [
        -0.043162744492292404,
        14.918187141418457
    ],
    "wp_3": [
        0.10720083117485046,
        11.358489036560059
    ],
    "wp_2": [
        0.13825179636478424,
        7.555312633514404
    ],
    "wp_1": [
        0.020897023379802704,
        3.5077364444732666
    ],
    "aim": [
        0.020897023379802704,
        3.5077364444732666
    ],
    "target": [
        -2.346396088425344,
        11.582852692930592
    ],
    "desired_speed": 7.918423175811768,
    "angle": 0.003792548545600555,
    "angle_last": 0.010699842962243673,
    "angle_target": -0.12724136345485257,
    "angle_final": 0.003792548545600555,
    "delta": 0.25,
    "agent": "only_traj",
    "steer_traj": 0.005708044109090111,
    "throttle_traj": 0.75,
    "brake_traj": 0.0,
    "plan": [
        [
            0.020897023379802704,
            3.5077364444732666
        ],
        [
            0.13825179636478424,
            7.555312633514404
        ],
        [
            0.10720083117485046,
            11.358489036560059
        ],
        [
            -0.043162744492292404,
            14.918187141418457
        ],
        [
            0.0945587009191513,
            18.971649169921875
        ],
        [
            0.1672435998916626,
            23.29584312438965
        ]
    ],
    "command": 3
}