{
    "speed": 8.183751864726963,
    "steer": 0.0057420628145337105,
    "throttle": 0.0677184909582138,
    "brake": 0.0,
    "wp_4": [
        -0.04494195803999901,
        14.925567626953125
    ],
    "wp_3": [
        0.1063198447227478,
        11.363523483276367
    ],
    "wp_2": [
        0.13752608001232147,
        7.56010103225708
    ],
    "wp_1": [
        0.02141708880662918,
        3.5100927352905273
    ],
    "aim": [
        0.02141708880662918,
        3.5100927352905273
    ],
    "target": [
        -2.866259854560788,
        6.723616345535914
    ],
    "desired_speed": 7.921228981018067,
    "angle": 0.003884300753451059,
    "angle_last": 0.010632982999368325,
    "angle_target": -0.2565380357239608,
    "angle_final": 0.003884300753451059,
    "delta": 0.0,
    "agent": "only_traj",
    "steer_traj": 0.005742062720025005,
    "throttle_traj": 0.06771849359387183,
    "brake_traj": 0.0,
    "plan": [
        [
            0.02141708880662918,
            3.5100927352905273
        ],
        [
            0.13752608001232147,
            7.56010103225708
        ],
        [
            0.1063198447227478,
            11.363523483276367
        ],
        [
            -0.04494195803999901,
            14.925567626953125
        ],
        [
            0.09439046680927277,
            18.980510711669922
        ],
        [
            0.1666286736726761,
            23.305166244506836
        ]
    ],
    "command": 3
}