{
    "speed": 7.408642853336876,
    "steer": 0.05538312345743179,
    "throttle": 0.75,
    "brake": 0.0,
    "wp_4": [
        -0.04387461766600609,
        14.924370765686035
    ],
    "wp_3": [
        0.10692501068115234,
        11.3630952835083
    ],
    "wp_2": [
        0.1372658759355545,
        7.559142589569092
    ],
    "wp_1": [
        0.021088123321533203,
        3.509843349456787
    ],
    "aim": [
        0.021088123321533203,
        3.509843349456787
    ],
    "target": [
        -1.8172925085434553,
        3.963899467088465
    ],
    "desired_speed": 7.919984149932862,
    "angle": 0.0038249539986627266,
    "angle_last": 0.010537739805942036,
    "angle_target": -0.27366221987527756,
    "angle_final": 0.0038249539986627266,
    "delta": 0.25,
    "agent": "only_traj",
    "steer_traj": 0.055383125262095316,
    "throttle_traj": 0.75,
    "brake_traj": 0.0,
    "plan": [
        [
            0.021088123321533203,
            3.509843349456787
        ],
        [
            0.1372658759355545,
            7.559142589569092
        ],
        [
            0.10692501068115234,
            11.3630952835083
        ],
        [
            -0.04387461766600609,
            14.924370765686035
        ],
        [
            0.09488220512866974,
            18.97825050354004
        ],
        [
            0.16645604372024536,
            23.30185890197754
        ]
    ],
    "command": 3
}