{
    "speed": 0.39954085740163114,
    "steer": -0.014467572793364525,
    "throttle": 0.75,
    "brake": 0.0,
    "wp_4": [
        -0.033201586455106735,
        14.891777038574219
    ],
    "wp_3": [
        0.11670064926147461,
        11.328164100646973
    ],
    "wp_2": [
        0.1403784602880478,
        7.524806022644043
    ],
    "wp_1": [
        0.015152081847190857,
        3.483458995819092
    ],
    "aim": [
        0.015152081847190857,
        3.483458995819092
    ],
    "target": [
        -1.0024684247427436,
        32.602155481778674
    ],
    "desired_speed": 7.908127689361571,
    "angle": 0.002769082643969533,
    "angle_last": 0.011214763334671855,
    "angle_target": -0.019568957765740844,
    "angle_final": 0.002769082643969533,
    "delta": 0.25,
    "agent": "only_traj",
    "steer_traj": -0.014467573102565391,
    "throttle_traj": 0.75,
    "brake_traj": 0.0,
    "plan": [
        [
            0.015152081847190857,
            3.483458995819092
        ],
        [
            0.1403784602880478,
            7.524806022644043
        ],
        [
            0.11670064926147461,
            11.328164100646973
        ],
        [
            -0.033201586455106735,
            14.891777038574219
        ],
        [
            0.09361904859542847,
            18.927391052246094
        ],
        [
            0.16970334947109222,
            23.24595069885254
        ]
    ],
    "command": 3
}