{
    "speed": 0.048309440892240825,
    "steer": -0.014675739221274853,
    "throttle": 0.75,
    "brake": 0.0,
    "wp_4": [
        -0.03207952901721001,
        14.890220642089844
    ],
    "wp_3": [
        0.11698682606220245,
        11.3251371383667
    ],
    "wp_2": [
        0.1405138224363327,
        7.522254467010498
    ],
    "wp_1": [
        0.014805778861045837,
        3.481515407562256
    ],
    "aim": [
        0.014805778861045837,
        3.481515407562256
    ],
    "target": [
        -2.2352721563172824,
        31.629468436152333
    ],
    "desired_speed": 7.907121562957764,
    "angle": 0.0027073073774763067,
    "angle_last": 0.011370946993692815,
    "angle_target": -0.04491559891800391,
    "angle_final": 0.0027073073774763067,
    "delta": 0.25,
    "agent": "only_traj",
    "steer_traj": -0.014675738770038376,
    "throttle_traj": 0.75,
    "brake_traj": 0.0,
    "plan": [
        [
            0.014805778861045837,
            3.481515407562256
        ],
        [
            0.1405138224363327,
            7.522254467010498
        ],
        [
            0.11698682606220245,
            11.3251371383667
        ],
        [
            -0.03207952901721001,
            14.890220642089844
        ],
        [
            0.09326192736625671,
            18.92366600036621
        ],
        [
            0.17039361596107483,
            23.241540908813477
        ]
    ],
    "command": 3
}