{
    "speed": 0.04457086528120762,
    "steer": -0.014963258057832718,
    "throttle": 0.75,
    "brake": 0.0,
    "wp_4": [
        -0.032309334725141525,
        14.888794898986816
    ],
    "wp_3": [
        0.11752672493457794,
        11.324623107910156
    ],
    "wp_2": [
        0.14053413271903992,
        7.521444797515869
    ],
    "wp_1": [
        0.01460064947605133,
        3.4809136390686035
    ],
    "aim": [
        0.01460064947605133,
        3.4809136390686035
    ],
    "target": [
        -3.6828607790652095,
        31.81341433344455
    ],
    "desired_speed": 7.907319450378418,
    "angle": 0.002670272573976682,
    "angle_last": 0.011320175920862385,
    "angle_target": -0.07337130895362963,
    "angle_final": 0.002670272573976682,
    "delta": 0.25,
    "agent": "only_traj",
    "steer_traj": -0.014963258429062216,
    "throttle_traj": 0.75,
    "brake_traj": 0.0,
    "plan": [
        [
            0.01460064947605133,
            3.4809136390686035
        ],
        [
            0.14053413271903992,
            7.521444797515869
        ],
        [
            0.11752672493457794,
            11.324623107910156
        ],
        [
            -0.032309334725141525,
            14.888794898986816
        ],
        [
            0.09319673478603363,
            18.922658920288086
        ],
        [
            0.16999951004981995,
            23.241397857666016
        ]
    ],
    "command": 3
}