{
    "speed": 0.04848359432332892,
    "steer": -0.0037169710267335176,
    "throttle": 0.75,
    "brake": 0.0,
    "wp_4": [
        -0.03199883922934532,
        14.887857437133789
    ],
    "wp_3": [
        0.11794355511665344,
        11.324000358581543
    ],
    "wp_2": [
        0.1406773179769516,
        7.520516395568848
    ],
    "wp_1": [
        0.01444532722234726,
        3.4808967113494873
    ],
    "aim": [
        0.01444532722234726,
        3.4808967113494873
    ],
    "target": [
        -2.828252088367196,
        32.80899381866485
    ],
    "desired_speed": 7.906955242156982,
    "angle": 0.0026418893434257402,
    "angle_last": 0.011261739857963388,
    "angle_target": -0.054743558046720577,
    "angle_final": 0.0026418893434257402,
    "delta": 0.25,
    "agent": "only_traj",
    "steer_traj": -0.003716971063810113,
    "throttle_traj": 0.75,
    "brake_traj": 0.0,
    "plan": [
        [
            0.01444532722234726,
            3.4808967113494873
        ],
        [
            0.1406773179769516,
            7.520516395568848
        ],
        [
            0.11794355511665344,
            11.324000358581543
        ],
        [
            -0.03199883922934532,
            14.887857437133789
        ],
        [
            0.09356167912483215,
            18.921863555908203
        ],
        [
            0.16996529698371887,
            23.240463256835938
        ]
    ],
    "command": 3
}