{
    "speed": 0.023521972893459107,
    "steer": 0.00396977923810482,
    "throttle": 0.75,
    "brake": 0.0,
    "wp_4": [
        -0.032395925372838974,
        14.8894624710083
    ],
    "wp_3": [
        0.11732371151447296,
        11.325030326843262
    ],
    "wp_2": [
        0.1407518982887268,
        7.521518230438232
    ],
    "wp_1": [
        0.0143217071890831,
        3.481558322906494
    ],
    "aim": [
        0.0143217071890831,
        3.481558322906494
    ],
    "target": [
        -3.0524730998868774,
        32.902307921324606
    ],
    "desired_speed": 7.9072265625,
    "angle": 0.0026187425912384747,
    "angle_last": 0.011267887028216399,
    "angle_target": -0.058893076270589144,
    "angle_final": 0.0026187425912384747,
    "delta": 0.25,
    "agent": "only_traj",
    "steer_traj": 0.003969779463750867,
    "throttle_traj": 0.75,
    "brake_traj": 0.0,
    "plan": [
        [
            0.0143217071890831,
            3.481558322906494
        ],
        [
            0.1407518982887268,
            7.521518230438232
        ],
        [
            0.11732371151447296,
            11.325030326843262
        ],
        [
            -0.032395925372838974,
            14.8894624710083
        ],
        [
            0.09332011640071869,
            18.923688888549805
        ],
        [
            0.16975663602352142,
            23.241796493530273
        ]
    ],
    "command": 3
}