{
    "speed": 0.027862436188376156,
    "steer": 0.004068034701049328,
    "throttle": 0.75,
    "brake": 0.0,
    "wp_4": [
        -0.032239776104688644,
        14.888440132141113
    ],
    "wp_3": [
        0.11738380789756775,
        11.324628829956055
    ],
    "wp_2": [
        0.1404484063386917,
        7.5211710929870605
    ],
    "wp_1": [
        0.014679789543151855,
        3.481306791305542
    ],
    "aim": [
        0.014679789543151855,
        3.481306791305542
    ],
    "target": [
        -2.8572414143487688,
        31.708635761037762
    ],
    "desired_speed": 7.9070769309997555,
    "angle": 0.002684464189252153,
    "angle_last": 0.011238061868840677,
    "angle_target": -0.057210820169350016,
    "angle_final": 0.002684464189252153,
    "delta": 0.25,
    "agent": "only_traj",
    "steer_traj": 0.004068034580873655,
    "throttle_traj": 0.75,
    "brake_traj": 0.0,
    "plan": [
        [
            0.014679789543151855,
            3.481306791305542
        ],
        [
            0.1404484063386917,
            7.5211710929870605
        ],
        [
            0.11738380789756775,
            11.324628829956055
        ],
        [
            -0.032239776104688644,
            14.888440132141113
        ],
        [
            0.0937141478061676,
            18.922714233398438
        ],
        [
            0.1699548214673996,
            23.241193771362305
        ]
    ],
    "command": 3
}