{
    "speed": 0.019831724387228803,
    "steer": 0.004035616759210825,
    "throttle": 0.75,
    "brake": 0.0,
    "wp_4": [
        -0.03237138316035271,
        14.890252113342285
    ],
    "wp_3": [
        0.11716444790363312,
        11.325736999511719
    ],
    "wp_2": [
        0.14011190831661224,
        7.5218915939331055
    ],
    "wp_1": [
        0.014516152441501617,
        3.4817161560058594
    ],
    "aim": [
        0.014516152441501617,
        3.4817161560058594
    ],
    "target": [
        -3.249674183292658,
        31.153457210059127
    ],
    "desired_speed": 7.9073726654052745,
    "angle": 0.0026541836839317633,
    "angle_last": 0.011224022035546762,
    "angle_target": -0.06616767767330083,
    "angle_final": 0.0026541836839317633,
    "delta": 0.25,
    "agent": "only_traj",
    "steer_traj": 0.004035616795525481,
    "throttle_traj": 0.75,
    "brake_traj": 0.0,
    "plan": [
        [
            0.014516152441501617,
            3.4817161560058594
        ],
        [
            0.14011190831661224,
            7.5218915939331055
        ],
        [
            0.11716444790363312,
            11.325736999511719
        ],
        [
            -0.03237138316035271,
            14.890252113342285
        ],
        [
            0.09331095218658447,
            18.924850463867188
        ],
        [
            0.1694396585226059,
            23.24236297607422
        ]
    ],
    "command": 3
}