{
    "speed": 0.016295055764362822,
    "steer": 0.00404775608330965,
    "throttle": 0.75,
    "brake": 0.0,
    "wp_4": [
        -0.03223533555865288,
        14.890094757080078
    ],
    "wp_3": [
        0.11763577163219452,
        11.325691223144531
    ],
    "wp_2": [
        0.14060302078723907,
        7.521791458129883
    ],
    "wp_1": [
        0.014525443315505981,
        3.481147527694702
    ],
    "aim": [
        0.014525443315505981,
        3.481147527694702
    ],
    "target": [
        -4.4346450281426,
        31.39853892778343
    ],
    "desired_speed": 7.9080352783203125,
    "angle": 0.002656308631673545,
    "angle_last": 0.011279650131786978,
    "angle_target": -0.08932364600696795,
    "angle_final": 0.002656308631673545,
    "delta": 0.25,
    "agent": "only_traj",
    "steer_traj": 0.0040477560338191025,
    "throttle_traj": 0.75,
    "brake_traj": 0.0,
    "plan": [
        [
            0.014525443315505981,
            3.481147527694702
        ],
        [
            0.14060302078723907,
            7.521791458129883
        ],
        [
            0.11763577163219452,
            11.325691223144531
        ],
        [
            -0.03223533555865288,
            14.890094757080078
        ],
        [
            0.09333187341690063,
            18.9246883392334
        ],
        [
            0.1698593944311142,
            23.243419647216797
        ]
    ],
    "command": 3
}