{
    "speed": 0.025639022187241626,
    "steer": 0.0042093126103281975,
    "throttle": 0.75,
    "brake": 0.0,
    "wp_4": [
        -0.03230459615588188,
        14.889806747436523
    ],
    "wp_3": [
        0.11762920022010803,
        11.32714557647705
    ],
    "wp_2": [
        0.13998085260391235,
        7.521678447723389
    ],
    "wp_1": [
        0.01571372151374817,
        3.481665849685669
    ],
    "aim": [
        0.01571372151374817,
        3.481665849685669
    ],
    "target": [
        -4.538845957226796,
        31.873535096887736
    ],
    "desired_speed": 7.906731605529785,
    "angle": 0.002873205083316839,
    "angle_last": 0.01099718386411156,
    "angle_target": -0.0900503147820889,
    "angle_final": 0.002873205083316839,
    "delta": 0.25,
    "agent": "only_traj",
    "steer_traj": 0.004209312774987137,
    "throttle_traj": 0.75,
    "brake_traj": 0.0,
    "plan": [
        [
            0.01571372151374817,
            3.481665849685669
        ],
        [
            0.13998085260391235,
            7.521678447723389
        ],
        [
            0.11762920022010803,
            11.32714557647705
        ],
        [
            -0.03230459615588188,
            14.889806747436523
        ],
        [
            0.09492328763008118,
            18.923988342285156
        ],
        [
            0.16949938237667084,
            23.24071502685547
        ]
    ],
    "command": 3
}