{
    "speed": 0.04207856152528868,
    "steer": 0.004182953853160143,
    "throttle": 0.75,
    "brake": 0.0,
    "wp_4": [
        -0.03250871226191521,
        14.890748023986816
    ],
    "wp_3": [
        0.11748605966567993,
        11.327752113342285
    ],
    "wp_2": [
        0.1394907534122467,
        7.522497653961182
    ],
    "wp_1": [
        0.015441149473190308,
        3.4820096492767334
    ],
    "aim": [
        0.015441149473190308,
        3.4820096492767334
    ],
    "target": [
        -4.679084470555616,
        31.298151854029133
    ],
    "desired_speed": 7.907012271881103,
    "angle": 0.002823117029403412,
    "angle_last": 0.010985117196577871,
    "angle_target": -0.09447517047746251,
    "angle_final": 0.002823117029403412,
    "delta": 0.25,
    "agent": "only_traj",
    "steer_traj": 0.004182953936615196,
    "throttle_traj": 0.75,
    "brake_traj": 0.0,
    "plan": [
        [
            0.015441149473190308,
            3.4820096492767334
        ],
        [
            0.1394907534122467,
            7.522497653961182
        ],
        [
            0.11748605966567993,
            11.327752113342285
        ],
        [
            -0.03250871226191521,
            14.890748023986816
        ],
        [
            0.09469449520111084,
            18.925174713134766
        ],
        [
            0.16918648779392242,
            23.241769790649414
        ]
    ],
    "command": 3
}