{
    "speed": 0.0274969230679531,
    "steer": 0.003943397663533688,
    "throttle": 0.75,
    "brake": 0.0,
    "wp_4": [
        -0.0322602353990078,
        14.888590812683105
    ],
    "wp_3": [
        0.11752201616764069,
        11.324414253234863
    ],
    "wp_2": [
        0.14060480892658234,
        7.520812511444092
    ],
    "wp_1": [
        0.014253497123718262,
        3.4811081886291504
    ],
    "aim": [
        0.014253497123718262,
        3.4811081886291504
    ],
    "target": [
        -4.294695122474197,
        31.012634146093003
    ],
    "desired_speed": 7.906860637664795,
    "angle": 0.0026066759237047855,
    "angle_last": 0.011246409877826248,
    "angle_target": -0.08760328891251655,
    "angle_final": 0.0026066759237047855,
    "delta": 0.25,
    "agent": "only_traj",
    "steer_traj": 0.003943397858081693,
    "throttle_traj": 0.75,
    "brake_traj": 0.0,
    "plan": [
        [
            0.014253497123718262,
            3.4811081886291504
        ],
        [
            0.14060480892658234,
            7.520812511444092
        ],
        [
            0.11752201616764069,
            11.324414253234863
        ],
        [
            -0.0322602353990078,
            14.888590812683105
        ],
        [
            0.09337526559829712,
            18.922426223754883
        ],
        [
            0.169664204120636,
            23.24043846130371
        ]
    ],
    "command": 3
}