{
    "speed": 0.042558368516374415,
    "steer": 0.004238935653120279,
    "throttle": 0.75,
    "brake": 0.0,
    "wp_4": [
        -0.03235625848174095,
        14.890570640563965
    ],
    "wp_3": [
        0.11749976873397827,
        11.327974319458008
    ],
    "wp_2": [
        0.14003886282444,
        7.522284507751465
    ],
    "wp_1": [
        0.015489183366298676,
        3.4819064140319824
    ],
    "aim": [
        0.015489183366298676,
        3.4819064140319824
    ],
    "target": [
        -5.380137895761116,
        31.725796640273717
    ],
    "desired_speed": 7.907018661499023,
    "angle": 0.0028319962753244284,
    "angle_last": 0.011068217831479694,
    "angle_target": -0.10694212322748543,
    "angle_final": 0.0028319962753244284,
    "delta": 0.25,
    "agent": "only_traj",
    "steer_traj": 0.004238935874599913,
    "throttle_traj": 0.75,
    "brake_traj": 0.0,
    "plan": [
        [
            0.015489183366298676,
            3.4819064140319824
        ],
        [
            0.14003886282444,
            7.522284507751465
        ],
        [
            0.11749976873397827,
            11.327974319458008
        ],
        [
            -0.03235625848174095,
            14.890570640563965
        ],
        [
            0.09465523064136505,
            18.92501449584961
        ],
        [
            0.16971176862716675,
            23.24166488647461
        ]
    ],
    "command": 3
}