{
    "speed": 0.028608024130582083,
    "steer": 0.004190684761852026,
    "throttle": 0.75,
    "brake": 0.0,
    "wp_4": [
        -0.03256596252322197,
        14.890460014343262
    ],
    "wp_3": [
        0.11768659949302673,
        11.327880859375
    ],
    "wp_2": [
        0.13975435495376587,
        7.522110939025879
    ],
    "wp_1": [
        0.015591546893119812,
        3.4817426204681396
    ],
    "aim": [
        0.015591546893119812,
        3.4817426204681396
    ],
    "target": [
        -5.716065242063117,
        31.232250444692728
    ],
    "desired_speed": 7.90707836151123,
    "angle": 0.0028508172410373523,
    "angle_last": 0.011068369613461249,
    "angle_target": -0.11523754740857182,
    "angle_final": 0.0028508172410373523,
    "delta": 0.25,
    "agent": "only_traj",
    "steer_traj": 0.0041906848569820045,
    "throttle_traj": 0.75,
    "brake_traj": 0.0,
    "plan": [
        [
            0.015591546893119812,
            3.4817426204681396
        ],
        [
            0.13975435495376587,
            7.522110939025879
        ],
        [
            0.11768659949302673,
            11.327880859375
        ],
        [
            -0.03256596252322197,
            14.890460014343262
        ],
        [
            0.09447193145751953,
            18.924495697021484
        ],
        [
            0.16953840851783752,
            23.241647720336914
        ]
    ],
    "command": 3
}