{
    "speed": 0.041877829280149284,
    "steer": 0.004131730180233717,
    "throttle": 0.75,
    "brake": 0.0,
    "wp_4": [
        -0.032429929822683334,
        14.891783714294434
    ],
    "wp_3": [
        0.11702561378479004,
        11.328143119812012
    ],
    "wp_2": [
        0.13987645506858826,
        7.522778511047363
    ],
    "wp_1": [
        0.015326052904129028,
        3.4827542304992676
    ],
    "aim": [
        0.015326052904129028,
        3.4827542304992676
    ],
    "target": [
        -5.863191502370077,
        31.508665563688893
    ],
    "desired_speed": 7.906771183013916,
    "angle": 0.002801488097031705,
    "angle_last": 0.011097587644910749,
    "angle_target": -0.1171237998737039,
    "angle_final": 0.002801488097031705,
    "delta": 0.25,
    "agent": "only_traj",
    "steer_traj": 0.004131730363752256,
    "throttle_traj": 0.75,
    "brake_traj": 0.0,
    "plan": [
        [
            0.015326052904129028,
            3.4827542304992676
        ],
        [
            0.13987645506858826,
            7.522778511047363
        ],
        [
            0.11702561378479004,
            11.328143119812012
        ],
        [
            -0.032429929822683334,
            14.891783714294434
        ],
        [
            0.09421125054359436,
            18.925933837890625
        ],
        [
            0.16945549845695496,
            23.241918563842773
        ]
    ],
    "command": 3
}