{
    "speed": 0.027843130923594212,
    "steer": 0.00401301309466362,
    "throttle": 0.75,
    "brake": 0.0,
    "wp_4": [
        -0.03234393522143364,
        14.888825416564941
    ],
    "wp_3": [
        0.11762772500514984,
        11.324700355529785
    ],
    "wp_2": [
        0.14043031632900238,
        7.520999431610107
    ],
    "wp_1": [
        0.014616556465625763,
        3.4809608459472656
    ],
    "aim": [
        0.014616556465625763,
        3.4809608459472656
    ],
    "target": [
        -5.370147266380158,
        30.477919345081187
    ],
    "desired_speed": 7.907211685180664,
    "angle": 0.002673156431626243,
    "angle_last": 0.01128131973358409,
    "angle_target": -0.11103145002576685,
    "angle_final": 0.002673156431626243,
    "delta": 0.25,
    "agent": "only_traj",
    "steer_traj": 0.004013013138240972,
    "throttle_traj": 0.75,
    "brake_traj": 0.0,
    "plan": [
        [
            0.014616556465625763,
            3.4809608459472656
        ],
        [
            0.14043031632900238,
            7.520999431610107
        ],
        [
            0.11762772500514984,
            11.324700355529785
        ],
        [
            -0.03234393522143364,
            14.888825416564941
        ],
        [
            0.09332326054573059,
            18.922687530517578
        ],
        [
            0.16985763609409332,
            23.241174697875977
        ]
    ],
    "command": 3
}