{
    "speed": 0.05674355096606483,
    "steer": 0.003966092597693205,
    "throttle": 0.75,
    "brake": 0.0,
    "wp_4": [
        -0.03240389749407768,
        14.890481948852539
    ],
    "wp_3": [
        0.11694934964179993,
        11.325506210327148
    ],
    "wp_2": [
        0.1403958797454834,
        7.521821975708008
    ],
    "wp_1": [
        0.014350824058055878,
        3.482334613800049
    ],
    "aim": [
        0.014350824058055878,
        3.482334613800049
    ],
    "target": [
        -5.760865696230294,
        30.97101779583773
    ],
    "desired_speed": 7.907227611541748,
    "angle": 0.0026235237236574838,
    "angle_last": 0.011263788914714391,
    "angle_target": -0.11707851545690874,
    "angle_final": 0.0026235237236574838,
    "delta": 0.25,
    "agent": "only_traj",
    "steer_traj": 0.003966092584555138,
    "throttle_traj": 0.75,
    "brake_traj": 0.0,
    "plan": [
        [
            0.014350824058055878,
            3.482334613800049
        ],
        [
            0.1403958797454834,
            7.521821975708008
        ],
        [
            0.11694934964179993,
            11.325506210327148
        ],
        [
            -0.03240389749407768,
            14.890481948852539
        ],
        [
            0.09313380718231201,
            18.924612045288086
        ],
        [
            0.16954071819782257,
            23.24260902404785
        ]
    ],
    "command": 3
}