{
    "speed": 0.3405031765058505,
    "steer": 0.004240171052515507,
    "throttle": 0.75,
    "brake": 0.0,
    "wp_4": [
        -0.03294190391898155,
        14.891631126403809
    ],
    "wp_3": [
        0.11670255661010742,
        11.329798698425293
    ],
    "wp_2": [
        0.13985782861709595,
        7.52405309677124
    ],
    "wp_1": [
        0.01591402292251587,
        3.483475923538208
    ],
    "aim": [
        0.01591402292251587,
        3.483475923538208
    ],
    "target": [
        -5.379116142513891,
        31.51784913284028
    ],
    "desired_speed": 7.9071613311767575,
    "angle": 0.002908342612047016,
    "angle_last": 0.011091592256639292,
    "angle_target": -0.10761432192413715,
    "angle_final": 0.002908342612047016,
    "delta": 0.25,
    "agent": "only_traj",
    "steer_traj": 0.004240171000474825,
    "throttle_traj": 0.75,
    "brake_traj": 0.0,
    "plan": [
        [
            0.01591402292251587,
            3.483475923538208
        ],
        [
            0.13985782861709595,
            7.52405309677124
        ],
        [
            0.11670255661010742,
            11.329798698425293
        ],
        [
            -0.03294190391898155,
            14.891631126403809
        ],
        [
            0.09463788568973541,
            18.927837371826172
        ],
        [
            0.1698373258113861,
            23.243595123291016
        ]
    ],
    "command": 3
}