{
    "speed": 0.9401167043893917,
    "steer": 0.004308232571929693,
    "throttle": 0.75,
    "brake": 0.0,
    "wp_4": [
        -0.03497597202658653,
        14.895942687988281
    ],
    "wp_3": [
        0.1153298020362854,
        11.334216117858887
    ],
    "wp_2": [
        0.1397850662469864,
        7.529531002044678
    ],
    "wp_1": [
        0.015952393412590027,
        3.487813711166382
    ],
    "aim": [
        0.015952393412590027,
        3.487813711166382
    ],
    "target": [
        -6.493677046884441,
        29.699959734743164
    ],
    "desired_speed": 7.90802001953125,
    "angle": 0.002911757706632022,
    "angle_last": 0.011054557453139668,
    "angle_target": -0.13703573057687754,
    "angle_final": 0.002911757706632022,
    "delta": 0.25,
    "agent": "only_traj",
    "steer_traj": 0.004308232412597925,
    "throttle_traj": 0.75,
    "brake_traj": 0.0,
    "plan": [
        [
            0.015952393412590027,
            3.487813711166382
        ],
        [
            0.1397850662469864,
            7.529531002044678
        ],
        [
            0.1153298020362854,
            11.334216117858887
        ],
        [
            -0.03497597202658653,
            14.895942687988281
        ],
        [
            0.09450855851173401,
            18.93430519104004
        ],
        [
            0.1694556176662445,
            23.24999237060547
        ]
    ],
    "command": 3
}