{
    "speed": 2.1416145707034384,
    "steer": 0.004352346993982792,
    "throttle": 0.75,
    "brake": 0.0,
    "wp_4": [
        -0.03745396062731743,
        14.898999214172363
    ],
    "wp_3": [
        0.11304208636283875,
        11.338006973266602
    ],
    "wp_2": [
        0.13980448246002197,
        7.535637855529785
    ],
    "wp_1": [
        0.016494065523147583,
        3.492949962615967
    ],
    "aim": [
        0.016494065523147583,
        3.492949962615967
    ],
    "target": [
        -5.981275492798583,
        30.36389588215379
    ],
    "desired_speed": 7.910223770141602,
    "angle": 0.0030061660991597535,
    "angle_last": 0.011163764588869094,
    "angle_target": -0.1238201428564354,
    "angle_final": 0.0030061660991597535,
    "delta": 0.25,
    "agent": "only_traj",
    "steer_traj": 0.004352346896899743,
    "throttle_traj": 0.75,
    "brake_traj": 0.0,
    "plan": [
        [
            0.016494065523147583,
            3.492949962615967
        ],
        [
            0.13980448246002197,
            7.535637855529785
        ],
        [
            0.11304208636283875,
            11.338006973266602
        ],
        [
            -0.03745396062731743,
            14.898999214172363
        ],
        [
            0.09376747906208038,
            18.941686630249023
        ],
        [
            0.16951127350330353,
            23.260562896728516
        ]
    ],
    "command": 3
}