{
    "speed": 2.301050978072384,
    "steer": 0.0045179990120232105,
    "throttle": 0.75,
    "brake": 0.0,
    "wp_4": [
        -0.037637751549482346,
        14.89969253540039
    ],
    "wp_3": [
        0.11276295781135559,
        11.340253829956055
    ],
    "wp_2": [
        0.13930422067642212,
        7.536457538604736
    ],
    "wp_1": [
        0.01724141091108322,
        3.49381947517395
    ],
    "aim": [
        0.01724141091108322,
        3.49381947517395
    ],
    "target": [
        -6.029984466942491,
        30.267946555599465
    ],
    "desired_speed": 7.909739780426025,
    "angle": 0.003141555626707562,
    "angle_last": 0.011004545290217018,
    "angle_target": -0.12518846404560333,
    "angle_final": 0.003141555626707562,
    "delta": 0.25,
    "agent": "only_traj",
    "steer_traj": 0.004517998905657633,
    "throttle_traj": 0.75,
    "brake_traj": 0.0,
    "plan": [
        [
            0.01724141091108322,
            3.49381947517395
        ],
        [
            0.13930422067642212,
            7.536457538604736
        ],
        [
            0.11276295781135559,
            11.340253829956055
        ],
        [
            -0.037637751549482346,
            14.89969253540039
        ],
        [
            0.09460492432117462,
            18.942724227905273
        ],
        [
            0.1692448854446411,
            23.260250091552734
        ]
    ],
    "command": 3
}