{
    "speed": 3.164430225154253e-05,
    "steer": 0.002603321336209774,
    "throttle": 0.75,
    "brake": 0.0,
    "wp_4": [
        -0.03230471536517143,
        14.888557434082031
    ],
    "wp_3": [
        0.11788982152938843,
        11.326478958129883
    ],
    "wp_2": [
        0.13946323096752167,
        7.521190643310547
    ],
    "wp_1": [
        0.016208969056606293,
        3.4804067611694336
    ],
    "aim": [
        0.016208969056606293,
        3.4804067611694336
    ],
    "target": [
        -0.6771481547419178,
        51.25261055345002
    ],
    "desired_speed": 7.906661891937256,
    "angle": 0.0029648814001765654,
    "angle_last": 0.011019799379363381,
    "angle_target": -0.008410514492610708,
    "angle_final": 0.0029648814001765654,
    "delta": 0.25,
    "agent": "only_traj",
    "steer_traj": 0.0026033213423603866,
    "throttle_traj": 0.75,
    "brake_traj": 0.0,
    "plan": [
        [
            0.016208969056606293,
            3.4804067611694336
        ],
        [
            0.13946323096752167,
            7.521190643310547
        ],
        [
            0.11788982152938843,
            11.326478958129883
        ],
        [
            -0.03230471536517143,
            14.888557434082031
        ],
        [
            0.09528395533561707,
            18.922780990600586
        ],
        [
            0.17000961303710938,
            23.23929214477539
        ]
    ],
    "command": 3
}