{
    "speed": 1.5345305757535344,
    "steer": 0.0030444820877164602,
    "throttle": 0.75,
    "brake": 0.0,
    "wp_4": [
        -0.03626566752791405,
        14.896480560302734
    ],
    "wp_3": [
        0.11473552882671356,
        11.336772918701172
    ],
    "wp_2": [
        0.13893701136112213,
        7.532521724700928
    ],
    "wp_1": [
        0.017076268792152405,
        3.4894754886627197
    ],
    "aim": [
        0.017076268792152405,
        3.4894754886627197
    ],
    "target": [
        -0.2754683636705475,
        51.28073431452744
    ],
    "desired_speed": 7.9092424392700185,
    "angle": 0.00311537323488918,
    "angle_last": 0.011032549065814072,
    "angle_target": -0.003419742765777876,
    "angle_final": 0.00311537323488918,
    "delta": 0.25,
    "agent": "only_traj",
    "steer_traj": 0.003044482187577799,
    "throttle_traj": 0.75,
    "brake_traj": 0.0,
    "plan": [
        [
            0.017076268792152405,
            3.4894754886627197
        ],
        [
            0.13893701136112213,
            7.532521724700928
        ],
        [
            0.11473552882671356,
            11.336772918701172
        ],
        [
            -0.03626566752791405,
            14.896480560302734
        ],
        [
            0.09497246146202087,
            18.936979293823242
        ],
        [
            0.16980543732643127,
            23.254688262939453
        ]
    ],
    "command": 3
}