{
    "speed": 3.2809665832303,
    "steer": 0.003496825695037842,
    "throttle": 0.75,
    "brake": 0.0,
    "wp_4": [
        -0.03922213241457939,
        14.902047157287598
    ],
    "wp_3": [
        0.11221611499786377,
        11.34303092956543
    ],
    "wp_2": [
        0.13911248743534088,
        7.5408854484558105
    ],
    "wp_1": [
        0.017477892339229584,
        3.4958696365356445
    ],
    "aim": [
        0.017477892339229584,
        3.4958696365356445
    ],
    "target": [
        0.4420139776467694,
        51.27281590057949
    ],
    "desired_speed": 7.912329196929932,
    "angle": 0.00318284032569075,
    "angle_last": 0.010983827049734647,
    "angle_target": 0.005488051753000359,
    "angle_final": 0.00318284032569075,
    "delta": 0.25,
    "agent": "only_traj",
    "steer_traj": 0.0034968258036081495,
    "throttle_traj": 0.75,
    "brake_traj": 0.0,
    "plan": [
        [
            0.017477892339229584,
            3.4958696365356445
        ],
        [
            0.13911248743534088,
            7.5408854484558105
        ],
        [
            0.11221611499786377,
            11.34303092956543
        ],
        [
            -0.03922213241457939,
            14.902047157287598
        ],
        [
            0.09474113583564758,
            18.947795867919922
        ],
        [
            0.16929858922958374,
            23.268688201904297
        ]
    ],
    "command": 3
}