{
    "speed": 5.257544816827161,
    "steer": 0.004245731048285961,
    "throttle": 0.75,
    "brake": 0.0,
    "wp_4": [
        -0.0419786237180233,
        14.910651206970215
    ],
    "wp_3": [
        0.10992313921451569,
        11.352132797241211
    ],
    "wp_2": [
        0.1384141892194748,
        7.549559116363525
    ],
    "wp_1": [
        0.01927938312292099,
        3.501605749130249
    ],
    "aim": [
        0.01927938312292099,
        3.501605749130249
    ],
    "target": [
        0.4479624112407679,
        49.37884631542623
    ],
    "desired_speed": 7.916219711303711,
    "angle": 0.003505073472533796,
    "angle_last": 0.010958024112870154,
    "angle_target": 0.005775224138019012,
    "angle_final": 0.003505073472533796,
    "delta": 0.25,
    "agent": "only_traj",
    "steer_traj": 0.004245731054721534,
    "throttle_traj": 0.75,
    "brake_traj": 0.0,
    "plan": [
        [
            0.01927938312292099,
            3.501605749130249
        ],
        [
            0.1384141892194748,
            7.549559116363525
        ],
        [
            0.10992313921451569,
            11.352132797241211
        ],
        [
            -0.0419786237180233,
            14.910651206970215
        ],
        [
            0.09452098608016968,
            18.961074829101562
        ],
        [
            0.16894012689590454,
            23.284114837646484
        ]
    ],
    "command": 3
}