{
    "speed": 6.801444506650045,
    "steer": 0.006332815624773502,
    "throttle": 0.75,
    "brake": 0.0,
    "wp_4": [
        -0.0430426262319088,
        14.91834831237793
    ],
    "wp_3": [
        0.10887083411216736,
        11.360111236572266
    ],
    "wp_2": [
        0.13807468116283417,
        7.555517673492432
    ],
    "wp_1": [
        0.020855367183685303,
        3.5062975883483887
    ],
    "aim": [
        0.020855367183685303,
        3.5062975883483887
    ],
    "target": [
        -1.180518392175419,
        46.618078834497474
    ],
    "desired_speed": 7.918898105621337,
    "angle": 0.0037865531573290996,
    "angle_last": 0.010644063084021901,
    "angle_target": -0.016117797756386405,
    "angle_final": 0.0037865531573290996,
    "delta": 0.25,
    "agent": "only_traj",
    "steer_traj": 0.006332815512338353,
    "throttle_traj": 0.75,
    "brake_traj": 0.0,
    "plan": [
        [
            0.020855367183685303,
            3.5062975883483887
        ],
        [
            0.13807468116283417,
            7.555517673492432
        ],
        [
            0.10887083411216736,
            11.360111236572266
        ],
        [
            -0.0430426262319088,
            14.91834831237793
        ],
        [
            0.09524014592170715,
            18.971567153930664
        ],
        [
            0.1675419956445694,
            23.295530319213867
        ]
    ],
    "command": 3
}