{
    "speed": 8.172119855640522,
    "steer": -0.0010128736030310392,
    "throttle": 0.10594683885574341,
    "brake": 0.0,
    "wp_4": [
        -0.044025953859090805,
        14.925002098083496
    ],
    "wp_3": [
        0.10756488144397736,
        11.364198684692383
    ],
    "wp_2": [
        0.13744418323040009,
        7.55989933013916
    ],
    "wp_1": [
        0.021854020655155182,
        3.50909686088562
    ],
    "aim": [
        0.021854020655155182,
        3.50909686088562
    ],
    "target": [
        -0.10553033669423317,
        42.113936667252815
    ],
    "desired_speed": 7.922698593139649,
    "angle": 0.003964669312684877,
    "angle_last": 0.010661366229919266,
    "angle_target": -0.00159525714345056,
    "angle_final": -0.00159525714345056,
    "delta": 0.0,
    "agent": "only_traj",
    "steer_traj": -0.0010128736420470278,
    "throttle_traj": 0.10594683535459279,
    "brake_traj": 0.0,
    "plan": [
        [
            0.021854020655155182,
            3.50909686088562
        ],
        [
            0.13744418323040009,
            7.55989933013916
        ],
        [
            0.10756488144397736,
            11.364198684692383
        ],
        [
            -0.044025953859090805,
            14.925002098083496
        ],
        [
            0.09487186372280121,
            18.980438232421875
        ],
        [
            0.16734957695007324,
            23.3078670501709
        ]
    ],
    "command": 3
}