{
    "speed": 7.846653189725457,
    "steer": 0.004913754761219025,
    "throttle": 0.3673252761363983,
    "brake": 0.0,
    "wp_4": [
        -0.044340115040540695,
        14.924141883850098
    ],
    "wp_3": [
        0.1069684773683548,
        11.363473892211914
    ],
    "wp_2": [
        0.13801515102386475,
        7.559399604797363
    ],
    "wp_1": [
        0.02106371521949768,
        3.5087482929229736
    ],
    "aim": [
        0.02106371521949768,
        3.5087482929229736
    ],
    "target": [
        -2.417814860618636,
        38.33195813754206
    ],
    "desired_speed": 7.922117614746094,
    "angle": 0.0038216906860592758,
    "angle_last": 0.010683222835263307,
    "angle_target": -0.04010210758602809,
    "angle_final": 0.0038216906860592758,
    "delta": 0.07546442502063755,
    "agent": "only_traj",
    "steer_traj": 0.004913754576779337,
    "throttle_traj": 0.36732527935196335,
    "brake_traj": 0.0,
    "plan": [
        [
            0.02106371521949768,
            3.5087482929229736
        ],
        [
            0.13801515102386475,
            7.559399604797363
        ],
        [
            0.1069684773683548,
            11.363473892211914
        ],
        [
            -0.044340115040540695,
            14.924141883850098
        ],
        [
            0.09437981247901917,
            18.979047775268555
        ],
        [
            0.16699853539466858,
            23.306032180786133
        ]
    ],
    "command": 3
}