{
    "speed": 7.5937518903686545,
    "steer": 0.005130112171173096,
    "throttle": 0.75,
    "brake": 0.0,
    "wp_4": [
        -0.04381119832396507,
        14.9209566116333
    ],
    "wp_3": [
        0.10754308104515076,
        11.361366271972656
    ],
    "wp_2": [
        0.1380356103181839,
        7.557191371917725
    ],
    "wp_1": [
        0.020748034119606018,
        3.507951498031616
    ],
    "aim": [
        0.020748034119606018,
        3.507951498031616
    ],
    "target": [
        -1.7031154258080523,
        34.893094412136506
    ],
    "desired_speed": 7.920686817169189,
    "angle": 0.0037653036799112816,
    "angle_last": 0.010673357006462178,
    "angle_target": -0.03104846915366663,
    "angle_final": 0.0037653036799112816,
    "delta": 0.25,
    "agent": "only_traj",
    "steer_traj": 0.005130112054718694,
    "throttle_traj": 0.75,
    "brake_traj": 0.0,
    "plan": [
        [
            0.020748034119606018,
            3.507951498031616
        ],
        [
            0.1380356103181839,
            7.557191371917725
        ],
        [
            0.10754308104515076,
            11.361366271972656
        ],
        [
            -0.04381119832396507,
            14.9209566116333
        ],
        [
            0.0947645902633667,
            18.9758243560791
        ],
        [
            0.16729700565338135,
            23.30165672302246
        ]
    ],
    "command": 3
}