{
    "speed": 7.690091240099915,
    "steer": 0.0055719888769090176,
    "throttle": 0.75,
    "brake": 0.0,
    "wp_4": [
        -0.044314753264188766,
        14.922833442687988
    ],
    "wp_3": [
        0.10682272911071777,
        11.361913681030273
    ],
    "wp_2": [
        0.13773274421691895,
        7.558690547943115
    ],
    "wp_1": [
        0.021077536046504974,
        3.508751630783081
    ],
    "aim": [
        0.021077536046504974,
        3.508751630783081
    ],
    "target": [
        -1.053852576434817,
        29.990749705010984
    ],
    "desired_speed": 7.920545482635498,
    "angle": 0.0038241950887549473,
    "angle_last": 0.01067001780286795,
    "angle_target": -0.02236114341316176,
    "angle_final": 0.0038241950887549473,
    "delta": 0.23045424253558355,
    "agent": "only_traj",
    "steer_traj": 0.005571988805544148,
    "throttle_traj": 0.75,
    "brake_traj": 0.0,
    "plan": [
        [
            0.021077536046504974,
            3.508751630783081
        ],
        [
            0.13773274421691895,
            7.558690547943115
        ],
        [
            0.10682272911071777,
            11.361913681030273
        ],
        [
            -0.044314753264188766,
            14.922833442687988
        ],
        [
            0.09473593533039093,
            18.977174758911133
        ],
        [
            0.16723036766052246,
            23.302112579345703
        ]
    ],
    "command": 3
}