{
    "speed": 7.997378112257684,
    "steer": 0.005895332898944616,
    "throttle": 0.05745798721909523,
    "brake": 0.0,
    "wp_4": [
        -0.04364472255110741,
        14.923550605773926
    ],
    "wp_3": [
        0.10678118467330933,
        11.363956451416016
    ],
    "wp_2": [
        0.13761624693870544,
        7.559412956237793
    ],
    "wp_1": [
        0.022320561110973358,
        3.508911609649658
    ],
    "aim": [
        0.022320561110973358,
        3.508911609649658
    ],
    "target": [
        -2.3205243786932597,
        26.951508268517685
    ],
    "desired_speed": 7.920626926422119,
    "angle": 0.00404951544037459,
    "angle_last": 0.01067479893528696,
    "angle_target": -0.0546781036885264,
    "angle_final": 0.00404951544037459,
    "delta": 0.0,
    "agent": "only_traj",
    "steer_traj": 0.005895332819697773,
    "throttle_traj": 0.05745798874558555,
    "brake_traj": 0.0,
    "plan": [
        [
            0.022320561110973358,
            3.508911609649658
        ],
        [
            0.13761624693870544,
            7.559412956237793
        ],
        [
            0.10678118467330933,
            11.363956451416016
        ],
        [
            -0.04364472255110741,
            14.923550605773926
        ],
        [
            0.09545278549194336,
            18.978288650512695
        ],
        [
            0.16796815395355225,
            23.30254364013672
        ]
    ],
    "command": 3
}