{
    "speed": 7.94002214585333,
    "steer": 0.005833722651004791,
    "throttle": 0.0,
    "brake": 0.0,
    "wp_4": [
        -0.04427410289645195,
        14.921671867370605
    ],
    "wp_3": [
        0.10728777945041656,
        11.361468315124512
    ],
    "wp_2": [
        0.13795912265777588,
        7.55841588973999
    ],
    "wp_1": [
        0.02134208381175995,
        3.5087056159973145
    ],
    "aim": [
        0.02134208381175995,
        3.5087056159973145
    ],
    "target": [
        -1.355287908079683,
        21.94209542736319
    ],
    "desired_speed": 7.920219993591308,
    "angle": 0.0038722340859173704,
    "angle_last": 0.010823393495230125,
    "angle_target": -0.03927192632918384,
    "angle_final": 0.0038722340859173704,
    "delta": 0.0,
    "agent": "only_traj",
    "steer_traj": 0.005833722435730499,
    "throttle_traj": 0.0,
    "brake_traj": 0.0,
    "plan": [
        [
            0.02134208381175995,
            3.5087056159973145
        ],
        [
            0.13795912265777588,
            7.55841588973999
        ],
        [
            0.10728777945041656,
            11.361468315124512
        ],
        [
            -0.04427410289645195,
            14.921671867370605
        ],
        [
            0.09415841102600098,
            18.976388931274414
        ],
        [
            0.16769365966320038,
            23.301240921020508
        ]
    ],
    "command": 3
}