{
    "speed": 7.71467357404391,
    "steer": 0.005764441564679146,
    "throttle": 0.75,
    "brake": 0.0,
    "wp_4": [
        -0.04383760318160057,
        14.922682762145996
    ],
    "wp_3": [
        0.10701808333396912,
        11.361663818359375
    ],
    "wp_2": [
        0.13787609338760376,
        7.558347225189209
    ],
    "wp_1": [
        0.021045148372650146,
        3.5085408687591553
    ],
    "aim": [
        0.021045148372650146,
        3.5085408687591553
    ],
    "target": [
        -2.5152109470222723,
        17.98617009156925
    ],
    "desired_speed": 7.920482349395753,
    "angle": 0.003818579155437381,
    "angle_last": 0.010757899570188781,
    "angle_target": -0.08845218848132805,
    "angle_final": 0.003818579155437381,
    "delta": 0.2058087753518434,
    "agent": "only_traj",
    "steer_traj": 0.005764441550249336,
    "throttle_traj": 0.75,
    "brake_traj": 0.0,
    "plan": [
        [
            0.021045148372650146,
            3.5085408687591553
        ],
        [
            0.13787609338760376,
            7.558347225189209
        ],
        [
            0.10701808333396912,
            11.361663818359375
        ],
        [
            -0.04383760318160057,
            14.922682762145996
        ],
        [
            0.09467257559299469,
            18.976804733276367
        ],
        [
            0.16776469349861145,
            23.301759719848633
        ]
    ],
    "command": 3
}