{
    "speed": 7.592623710854575,
    "steer": 0.005700557958334684,
    "throttle": 0.75,
    "brake": 0.0,
    "wp_4": [
        -0.04405533894896507,
        14.922945022583008
    ],
    "wp_3": [
        0.1068042516708374,
        11.361790657043457
    ],
    "wp_2": [
        0.13749061524868011,
        7.558426380157471
    ],
    "wp_1": [
        0.020786769688129425,
        3.508913040161133
    ],
    "aim": [
        0.020786769688129425,
        3.508913040161133
    ],
    "target": [
        -2.5970785110379717,
        14.606810054444685
    ],
    "desired_speed": 7.920635032653809,
    "angle": 0.0037712990681827373,
    "angle_last": 0.01074628824859976,
    "angle_target": -0.11201983758357067,
    "angle_final": 0.0037712990681827373,
    "delta": 0.25,
    "agent": "only_traj",
    "steer_traj": 0.005700557937168559,
    "throttle_traj": 0.75,
    "brake_traj": 0.0,
    "plan": [
        [
            0.020786769688129425,
            3.508913040161133
        ],
        [
            0.13749061524868011,
            7.558426380157471
        ],
        [
            0.1068042516708374,
            11.361790657043457
        ],
        [
            -0.04405533894896507,
            14.922945022583008
        ],
        [
            0.09392690658569336,
            18.977720260620117
        ],
        [
            0.16693763434886932,
            23.30253791809082
        ]
    ],
    "command": 3
}