{
    "speed": 7.689300663116115,
    "steer": 0.005682853516191244,
    "throttle": 0.75,
    "brake": 0.0,
    "wp_4": [
        -0.044194530695676804,
        14.925724983215332
    ],
    "wp_3": [
        0.10664764046669006,
        11.363959312438965
    ],
    "wp_2": [
        0.137579083442688,
        7.560140609741211
    ],
    "wp_1": [
        0.020839020609855652,
        3.510162591934204
    ],
    "aim": [
        0.020839020609855652,
        3.510162591934204
    ],
    "target": [
        -2.0688160146162415,
        10.502400206047575
    ],
    "desired_speed": 7.920283794403076,
    "angle": 0.003779419404195975,
    "angle_last": 0.01063495616512855,
    "angle_target": -0.12381930707836586,
    "angle_final": 0.003779419404195975,
    "delta": 0.23098313128696102,
    "agent": "only_traj",
    "steer_traj": 0.005682853517657456,
    "throttle_traj": 0.75,
    "brake_traj": 0.0,
    "plan": [
        [
            0.020839020609855652,
            3.510162591934204
        ],
        [
            0.137579083442688,
            7.560140609741211
        ],
        [
            0.10664764046669006,
            11.363959312438965
        ],
        [
            -0.044194530695676804,
            14.925724983215332
        ],
        [
            0.0943135917186737,
            18.979509353637695
        ],
        [
            0.1665438413619995,
            23.302902221679688
        ]
    ],
    "command": 3
}