{
    "speed": 0.00019990312901304024,
    "steer": 0.003874334041029215,
    "throttle": 0.0,
    "brake": 1.0,
    "wp_4": [
        -0.010655689984560013,
        0.0031838342547416687
    ],
    "wp_3": [
        0.0046370262280106544,
        0.001469174399971962
    ],
    "wp_2": [
        -0.006905080750584602,
        -0.004980854690074921
    ],
    "wp_1": [
        -0.007731427438557148,
        0.010688502341508865
    ],
    "aim": [
        -0.007731427438557148,
        0.010688502341508865
    ],
    "target": [
        0.12013113338602234,
        52.867550130927796
    ],
    "desired_speed": 0.029127347469329837,
    "angle": -0.3986638262839225,
    "angle_last": 1.8053516272587147,
    "angle_target": 0.0014465910180025653,
    "angle_final": 0.0014465910180025653,
    "delta": 0.028927444340316796,
    "agent": "only_traj",
    "steer_traj": 0.003874333969173206,
    "throttle_traj": 0.0,
    "brake_traj": 1.0,
    "plan": [
        [
            -0.007731427438557148,
            0.010688502341508865
        ],
        [
            -0.006905080750584602,
            -0.004980854690074921
        ],
        [
            0.0046370262280106544,
            0.001469174399971962
        ],
        [
            -0.010655689984560013,
            0.0031838342547416687
        ],
        [
            -0.00032038614153862,
            0.007290265988558531
        ],
        [
            0.004915829747915268,
            -0.009298359975218773
        ]
    ],
    "command": 3
}