{
    "0": {
        "acceleration": [
            -0.0017225799383595586,
            0.004801810719072819,
            -0.35084277391433716
        ],
        "angular_velocity": [
            0.05803610756993294,
            0.01618248037993908,
            0.0001437400933355093
        ],
        "forward_vector": [
            -0.004001518711447716,
            -0.999869704246521,
            -0.015640096738934517
        ],
        "right_vector": [
            0.9999920129776001,
            -0.004002949222922325,
            6.017833584337495e-05
        ],
        "location": [
            -497.6014404296875,
            3672.9267578125,
            364.8172912597656
        ],
        "rotation": [
            -0.0034483864437788725,
            -0.8961480855941772,
            -90.22930145263672
        ]
    },
    "1": {
        "acceleration": [
            -0.004808725323528051,
            0.009157038293778896,
            -0.5656534433364868
        ],
        "angular_velocity": [
            0.05277371406555176,
            -0.024576552212238312,
            -0.0004801939649041742
        ],
        "forward_vector": [
            -0.004002111963927746,
            -0.9998689889907837,
            -0.015683723613619804
        ],
        "right_vector": [
            0.9999920129776001,
            -0.004003498237580061,
            5.698483073501848e-05
        ],
        "location": [
            -497.6014404296875,
            3672.9267578125,
            364.82818603515625
        ],
        "rotation": [
            -0.0032653920352458954,
            -0.8986479640007019,
            -90.22933197021484
        ]
    },
    "2": {
        "acceleration": [
            0.0010144017869606614,
            0.00944572500884533,
            -0.6413367390632629
        ],
        "angular_velocity": [
            0.06128963083028793,
            0.029708102345466614,
            0.0003657569468487054
        ],
        "forward_vector": [
            -0.004001989960670471,
            -0.9998683333396912,
            -0.015725797042250633
        ],
        "right_vector": [
            0.9999920129776001,
            -0.00400318019092083,
            4.420335972099565e-05
        ],
        "location": [
            -497.6014404296875,
            3672.9267578125,
            364.8375244140625
        ],
        "rotation": [
            -0.002532979240640998,
            -0.9010589718818665,
            -90.22932434082031
        ]
    }
}