{
    "speed": 5.249719820806843e-05,
    "steer": 0.002367248758673668,
    "throttle": 0.75,
    "brake": 0.0,
    "wp_4": [
        -0.03211386129260063,
        14.887523651123047
    ],
    "wp_3": [
        0.11798021197319031,
        11.323554039001465
    ],
    "wp_2": [
        0.1403527408838272,
        7.520452499389648
    ],
    "wp_1": [
        0.014994136989116669,
        3.479919195175171
    ],
    "aim": [
        0.014994136989116669,
        3.479919195175171
    ],
    "target": [
        -0.6771481547419178,
        51.25261055345002
    ],
    "desired_speed": 7.907057857513427,
    "angle": 0.002743052034132707,
    "angle_last": 0.01123646815803434,
    "angle_target": -0.008410514492610708,
    "angle_final": 0.002743052034132707,
    "delta": 0.25,
    "agent": "only_traj",
    "steer_traj": 0.0023672486603035893,
    "throttle_traj": 0.75,
    "brake_traj": 0.0,
    "plan": [
        [
            0.014994136989116669,
            3.479919195175171
        ],
        [
            0.1403527408838272,
            7.520452499389648
        ],
        [
            0.11798021197319031,
            11.323554039001465
        ],
        [
            -0.03211386129260063,
            14.887523651123047
        ],
        [
            0.0940326601266861,
            18.92127227783203
        ],
        [
            0.17026253044605255,
            23.239749908447266
        ]
    ],
    "command": 3
}