{
    "speed": 1.553751535565929,
    "steer": 0.002862843917682767,
    "throttle": 0.75,
    "brake": 0.0,
    "wp_4": [
        -0.03629378601908684,
        14.895524978637695
    ],
    "wp_3": [
        0.11470839381217957,
        11.334489822387695
    ],
    "wp_2": [
        0.13966700434684753,
        7.531921863555908
    ],
    "wp_1": [
        0.01616554707288742,
        3.489100456237793
    ],
    "aim": [
        0.01616554707288742,
        3.489100456237793
    ],
    "target": [
        -0.2825089468582164,
        51.27825290807817
    ],
    "desired_speed": 7.9094831466674815,
    "angle": 0.002949551420039426,
    "angle_last": 0.011179018678015455,
    "angle_target": -0.0035073145362665573,
    "angle_final": 0.002949551420039426,
    "delta": 0.25,
    "agent": "only_traj",
    "steer_traj": 0.002862843858023495,
    "throttle_traj": 0.75,
    "brake_traj": 0.0,
    "plan": [
        [
            0.01616554707288742,
            3.489100456237793
        ],
        [
            0.13966700434684753,
            7.531921863555908
        ],
        [
            0.11470839381217957,
            11.334489822387695
        ],
        [
            -0.03629378601908684,
            14.895524978637695
        ],
        [
            0.09438644349575043,
            18.93614387512207
        ],
        [
            0.17023074626922607,
            23.25486183166504
        ]
    ],
    "command": 3
}