{
    "speed": 3.3020562117837584,
    "steer": 0.0035076735075563192,
    "throttle": 0.75,
    "brake": 0.0,
    "wp_4": [
        -0.03949625417590141,
        14.903359413146973
    ],
    "wp_3": [
        0.11184075474739075,
        11.345061302185059
    ],
    "wp_2": [
        0.1387033313512802,
        7.54146146774292
    ],
    "wp_1": [
        0.018405228853225708,
        3.4962663650512695
    ],
    "aim": [
        0.018405228853225708,
        3.4962663650512695
    ],
    "target": [
        0.5685939734263775,
        51.30036893953668
    ],
    "desired_speed": 7.912101173400878,
    "angle": 0.003351318325217731,
    "angle_last": 0.010883195595963126,
    "angle_target": 0.007055764936944168,
    "angle_final": 0.003351318325217731,
    "delta": 0.25,
    "agent": "only_traj",
    "steer_traj": 0.003507673499894034,
    "throttle_traj": 0.75,
    "brake_traj": 0.0,
    "plan": [
        [
            0.018405228853225708,
            3.4962663650512695
        ],
        [
            0.1387033313512802,
            7.54146146774292
        ],
        [
            0.11184075474739075,
            11.345061302185059
        ],
        [
            -0.03949625417590141,
            14.903359413146973
        ],
        [
            0.09553289413452148,
            18.949071884155273
        ],
        [
            0.16938233375549316,
            23.268535614013672
        ]
    ],
    "command": 3
}