{
    "speed": 5.2484966849868595,
    "steer": 0.004204758908599615,
    "throttle": 0.75,
    "brake": 0.0,
    "wp_4": [
        -0.04184701666235924,
        14.910587310791016
    ],
    "wp_3": [
        0.10990786552429199,
        11.353111267089844
    ],
    "wp_2": [
        0.13844358921051025,
        7.549260139465332
    ],
    "wp_1": [
        0.019950181245803833,
        3.5020673274993896
    ],
    "aim": [
        0.019950181245803833,
        3.5020673274993896
    ],
    "target": [
        0.5806687643445481,
        49.388241743689825
    ],
    "desired_speed": 7.915724849700929,
    "angle": 0.003626574948769245,
    "angle_last": 0.010819978400645119,
    "angle_target": 0.007484538256578819,
    "angle_final": 0.003626574948769245,
    "delta": 0.25,
    "agent": "only_traj",
    "steer_traj": 0.004204759002706447,
    "throttle_traj": 0.75,
    "brake_traj": 0.0,
    "plan": [
        [
            0.019950181245803833,
            3.5020673274993896
        ],
        [
            0.13844358921051025,
            7.549260139465332
        ],
        [
            0.10990786552429199,
            11.353111267089844
        ],
        [
            -0.04184701666235924,
            14.910587310791016
        ],
        [
            0.09524564445018768,
            18.96132469177246
        ],
        [
            0.16870971024036407,
            23.28335952758789
        ]
    ],
    "command": 3
}