{
    "speed": 6.861737075827788,
    "steer": 0.0057808696292340755,
    "throttle": 0.75,
    "brake": 0.0,
    "wp_4": [
        -0.04320898279547691,
        14.918343544006348
    ],
    "wp_3": [
        0.10794779658317566,
        11.358263969421387
    ],
    "wp_2": [
        0.13814640045166016,
        7.555393695831299
    ],
    "wp_1": [
        0.02048201858997345,
        3.506859540939331
    ],
    "aim": [
        0.02048201858997345,
        3.506859540939331
    ],
    "target": [
        -1.0731246207104816,
        46.614594549420985
    ],
    "desired_speed": 7.919291687011719,
    "angle": 0.003718175374638194,
    "angle_last": 0.010795389719633073,
    "angle_target": -0.014653172645299476,
    "angle_final": 0.003718175374638194,
    "delta": 0.25,
    "agent": "only_traj",
    "steer_traj": 0.005780869839631798,
    "throttle_traj": 0.75,
    "brake_traj": 0.0,
    "plan": [
        [
            0.02048201858997345,
            3.506859540939331
        ],
        [
            0.13814640045166016,
            7.555393695831299
        ],
        [
            0.10794779658317566,
            11.358263969421387
        ],
        [
            -0.04320898279547691,
            14.918343544006348
        ],
        [
            0.09413599967956543,
            18.971803665161133
        ],
        [
            0.16748887300491333,
            23.297103881835938
        ]
    ],
    "command": 3
}