{
    "speed": 8.212614175468019,
    "steer": 0.0017420494696125388,
    "throttle": 0.10533538460731506,
    "brake": 0.0,
    "wp_4": [
        -0.043907444924116135,
        14.923823356628418
    ],
    "wp_3": [
        0.10742682218551636,
        11.363598823547363
    ],
    "wp_2": [
        0.13769052922725677,
        7.559016704559326
    ],
    "wp_1": [
        0.02189543843269348,
        3.5089914798736572
    ],
    "aim": [
        0.02189543843269348,
        3.5089914798736572
    ],
    "target": [
        0.08807254206877047,
        42.088299040572686
    ],
    "desired_speed": 7.9219512939453125,
    "angle": 0.003972334302753446,
    "angle_last": 0.010677227446991852,
    "angle_target": 0.0013321669234318254,
    "angle_final": 0.0013321669234318254,
    "delta": 0.0,
    "agent": "only_traj",
    "steer_traj": 0.0017420494260807129,
    "throttle_traj": 0.1053353812500748,
    "brake_traj": 0.0,
    "plan": [
        [
            0.02189543843269348,
            3.5089914798736572
        ],
        [
            0.13769052922725677,
            7.559016704559326
        ],
        [
            0.10742682218551636,
            11.363598823547363
        ],
        [
            -0.043907444924116135,
            14.923823356628418
        ],
        [
            0.09498956799507141,
            18.978864669799805
        ],
        [
            0.1675681322813034,
            23.305892944335938
        ]
    ],
    "command": 3
}