{
    "speed": 7.775900968345435,
    "steer": 0.004689398221671581,
    "throttle": 0.7166210412979126,
    "brake": 0.0,
    "wp_4": [
        -0.04418494924902916,
        14.923270225524902
    ],
    "wp_3": [
        0.10737843811511993,
        11.362256050109863
    ],
    "wp_2": [
        0.1375761330127716,
        7.558903694152832
    ],
    "wp_1": [
        0.021147817373275757,
        3.50821590423584
    ],
    "aim": [
        0.021147817373275757,
        3.50821590423584
    ],
    "target": [
        -2.205850346023965,
        38.318691633434895
    ],
    "desired_speed": 7.921305561065674,
    "angle": 0.0038375519031318616,
    "angle_last": 0.010623724298493419,
    "angle_target": -0.036607195338782546,
    "angle_final": 0.0038375519031318616,
    "delta": 0.1454045927202392,
    "agent": "only_traj",
    "steer_traj": 0.0046893981399059636,
    "throttle_traj": 0.7166210404282913,
    "brake_traj": 0.0,
    "plan": [
        [
            0.021147817373275757,
            3.50821590423584
        ],
        [
            0.1375761330127716,
            7.558903694152832
        ],
        [
            0.10737843811511993,
            11.362256050109863
        ],
        [
            -0.04418494924902916,
            14.923270225524902
        ],
        [
            0.09494812786579132,
            18.97742462158203
        ],
        [
            0.1671469360589981,
            23.30347442626953
        ]
    ],
    "command": 3
}