{
    "speed": 7.611155598065244,
    "steer": 0.004736499860882759,
    "throttle": 0.75,
    "brake": 0.0,
    "wp_4": [
        -0.0437997542321682,
        14.920137405395508
    ],
    "wp_3": [
        0.10734519362449646,
        11.36074161529541
    ],
    "wp_2": [
        0.13805903494358063,
        7.5566816329956055
    ],
    "wp_1": [
        0.02095026522874832,
        3.5079331398010254
    ],
    "aim": [
        0.02095026522874832,
        3.5079331398010254
    ],
    "target": [
        -1.4552995746184354,
        34.84981932209894
    ],
    "desired_speed": 7.920195579528809,
    "angle": 0.003802034919447795,
    "angle_last": 0.010609153228264058,
    "angle_target": -0.026569277211776886,
    "angle_final": 0.003802034919447795,
    "delta": 0.25,
    "agent": "only_traj",
    "steer_traj": 0.004736500028725516,
    "throttle_traj": 0.75,
    "brake_traj": 0.0,
    "plan": [
        [
            0.02095026522874832,
            3.5079331398010254
        ],
        [
            0.13805903494358063,
            7.5566816329956055
        ],
        [
            0.10734519362449646,
            11.36074161529541
        ],
        [
            -0.0437997542321682,
            14.920137405395508
        ],
        [
            0.09490437805652618,
            18.974510192871094
        ],
        [
            0.16700178384780884,
            23.300424575805664
        ]
    ],
    "command": 3
}