{
    "speed": 7.82233746626274,
    "steer": 0.005240027792751789,
    "throttle": 0.6409111022949219,
    "brake": 0.0,
    "wp_4": [
        -0.044250424951314926,
        14.923080444335938
    ],
    "wp_3": [
        0.10653764009475708,
        11.362391471862793
    ],
    "wp_2": [
        0.13725805282592773,
        7.5585222244262695
    ],
    "wp_1": [
        0.021363921463489532,
        3.509120464324951
    ],
    "aim": [
        0.021363921463489532,
        3.509120464324951
    ],
    "target": [
        -0.79189588086542,
        29.94793499679697
    ],
    "desired_speed": 7.920763683319091,
    "angle": 0.003875800962483933,
    "angle_last": 0.01066895532899706,
    "angle_target": -0.016829845765320605,
    "angle_final": 0.003875800962483933,
    "delta": 0.09842621705635146,
    "agent": "only_traj",
    "steer_traj": 0.005240027711084773,
    "throttle_traj": 0.6409111143355254,
    "brake_traj": 0.0,
    "plan": [
        [
            0.021363921463489532,
            3.509120464324951
        ],
        [
            0.13725805282592773,
            7.5585222244262695
        ],
        [
            0.10653764009475708,
            11.362391471862793
        ],
        [
            -0.044250424951314926,
            14.923080444335938
        ],
        [
            0.09442172944545746,
            18.978029251098633
        ],
        [
            0.1669110506772995,
            23.303077697753906
        ]
    ],
    "command": 3
}