{
    "speed": 8.056157155875193,
    "steer": 0.005539258476346731,
    "throttle": 0.05849321186542511,
    "brake": 0.0,
    "wp_4": [
        -0.043651025742292404,
        14.923530578613281
    ],
    "wp_3": [
        0.10646173357963562,
        11.362826347351074
    ],
    "wp_2": [
        0.13733446598052979,
        7.558789253234863
    ],
    "wp_1": [
        0.021719612181186676,
        3.5087170600891113
    ],
    "aim": [
        0.021719612181186676,
        3.5087170600891113
    ],
    "target": [
        -2.043379158293144,
        26.941759800094733
    ],
    "desired_speed": 7.921498775482178,
    "angle": 0.003940763650589832,
    "angle_last": 0.010776568753920149,
    "angle_target": -0.048191722755971264,
    "angle_final": 0.003940763650589832,
    "delta": 0.0,
    "agent": "only_traj",
    "steer_traj": 0.0055392584466490025,
    "throttle_traj": 0.05849321225154913,
    "brake_traj": 0.0,
    "plan": [
        [
            0.021719612181186676,
            3.5087170600891113
        ],
        [
            0.13733446598052979,
            7.558789253234863
        ],
        [
            0.10646173357963562,
            11.362826347351074
        ],
        [
            -0.043651025742292404,
            14.923530578613281
        ],
        [
            0.09477220475673676,
            18.978893280029297
        ],
        [
            0.16800285875797272,
            23.30454444885254
        ]
    ],
    "command": 3
}