{
    "speed": 7.876245797504364,
    "steer": 0.005828341469168663,
    "throttle": 0.16086968779563904,
    "brake": 0.0,
    "wp_4": [
        -0.04375530406832695,
        14.924118041992188
    ],
    "wp_3": [
        0.10729806125164032,
        11.364042282104492
    ],
    "wp_2": [
        0.13784213364124298,
        7.559537887573242
    ],
    "wp_1": [
        0.021821342408657074,
        3.509031295776367
    ],
    "aim": [
        0.021821342408657074,
        3.509031295776367
    ],
    "target": [
        -1.0829494404409936,
        21.89862476076399
    ],
    "desired_speed": 7.920892524719238,
    "angle": 0.003958825706394977,
    "angle_last": 0.010649679017339467,
    "angle_target": -0.03145703621422129,
    "angle_final": 0.003958825706394977,
    "delta": 0.04464672721487428,
    "agent": "only_traj",
    "steer_traj": 0.005828341626386574,
    "throttle_traj": 0.16086968469187607,
    "brake_traj": 0.0,
    "plan": [
        [
            0.021821342408657074,
            3.509031295776367
        ],
        [
            0.13784213364124298,
            7.559537887573242
        ],
        [
            0.10729806125164032,
            11.364042282104492
        ],
        [
            -0.04375530406832695,
            14.924118041992188
        ],
        [
            0.09523583948612213,
            18.978809356689453
        ],
        [
            0.16758456826210022,
            23.30328941345215
        ]
    ],
    "command": 3
}