{
    "speed": 7.5488654425188715,
    "steer": 0.005673395004123449,
    "throttle": 0.75,
    "brake": 0.0,
    "wp_4": [
        -0.04374505206942558,
        14.9227933883667
    ],
    "wp_3": [
        0.1069863885641098,
        11.361618995666504
    ],
    "wp_2": [
        0.13798017799854279,
        7.558053016662598
    ],
    "wp_1": [
        0.020633824169635773,
        3.5091381072998047
    ],
    "aim": [
        0.020633824169635773,
        3.5091381072998047
    ],
    "target": [
        -2.223113759477182,
        17.950616442708316
    ],
    "desired_speed": 7.9205427169799805,
    "angle": 0.0037432952925856855,
    "angle_last": 0.010752283636871215,
    "angle_target": -0.07844344903296205,
    "angle_final": 0.0037432952925856855,
    "delta": 0.25,
    "agent": "only_traj",
    "steer_traj": 0.005673395128613067,
    "throttle_traj": 0.75,
    "brake_traj": 0.0,
    "plan": [
        [
            0.020633824169635773,
            3.5091381072998047
        ],
        [
            0.13798017799854279,
            7.558053016662598
        ],
        [
            0.1069863885641098,
            11.361618995666504
        ],
        [
            -0.04374505206942558,
            14.9227933883667
        ],
        [
            0.09447155892848969,
            18.976776123046875
        ],
        [
            0.16753850877285004,
            23.302507400512695
        ]
    ],
    "command": 3
}