{
    "speed": 7.711005969011507,
    "steer": 0.005661337170749903,
    "throttle": 0.75,
    "brake": 0.0,
    "wp_4": [
        -0.04389883205294609,
        14.923815727233887
    ],
    "wp_3": [
        0.1071210503578186,
        11.36301040649414
    ],
    "wp_2": [
        0.13816504180431366,
        7.55888557434082
    ],
    "wp_1": [
        0.020494073629379272,
        3.5089755058288574
    ],
    "aim": [
        0.020494073629379272,
        3.5089755058288574
    ],
    "target": [
        -2.0996778020377125,
        14.583052994551089
    ],
    "desired_speed": 7.921508598327637,
    "angle": 0.003718099483647416,
    "angle_last": 0.010937988891304783,
    "angle_target": -0.09103531710120236,
    "angle_final": 0.003718099483647416,
    "delta": 0.21050262931613073,
    "agent": "only_traj",
    "steer_traj": 0.00566133699881584,
    "throttle_traj": 0.75,
    "brake_traj": 0.0,
    "plan": [
        [
            0.020494073629379272,
            3.5089755058288574
        ],
        [
            0.13816504180431366,
            7.55888557434082
        ],
        [
            0.1071210503578186,
            11.36301040649414
        ],
        [
            -0.04389883205294609,
            14.923815727233887
        ],
        [
            0.09358474612236023,
            18.97841453552246
        ],
        [
            0.16792438924312592,
            23.30474090576172
        ]
    ],
    "command": 3
}