{
    "speed": 7.895356510057693,
    "steer": 0.005727134644985199,
    "throttle": 0.2107323259115219,
    "brake": 0.0,
    "wp_4": [
        -0.044161777943372726,
        14.923174858093262
    ],
    "wp_3": [
        0.10690489411354065,
        11.362499237060547
    ],
    "wp_2": [
        0.1379968225955963,
        7.5586700439453125
    ],
    "wp_1": [
        0.021031394600868225,
        3.5084152221679688
    ],
    "aim": [
        0.021031394600868225,
        3.5084152221679688
    ],
    "target": [
        -1.6455124507332666,
        10.483679765475095
    ],
    "desired_speed": 7.921145439147949,
    "angle": 0.003816226534723266,
    "angle_last": 0.010677075665010296,
    "angle_target": -0.09911481942829678,
    "angle_final": 0.003816226534723266,
    "delta": 0.02578892909025665,
    "agent": "only_traj",
    "steer_traj": 0.0057271344878202955,
    "throttle_traj": 0.21073232247553958,
    "brake_traj": 0.0,
    "plan": [
        [
            0.021031394600868225,
            3.5084152221679688
        ],
        [
            0.1379968225955963,
            7.5586700439453125
        ],
        [
            0.10690489411354065,
            11.362499237060547
        ],
        [
            -0.044161777943372726,
            14.923174858093262
        ],
        [
            0.09452404081821442,
            18.97673988342285
        ],
        [
            0.1670933961868286,
            23.303279876708984
        ]
    ],
    "command": 3
}