{
    "speed": 8.024700493225728,
    "steer": 0.005770540330559015,
    "throttle": 0.05573059618473053,
    "brake": 0.0,
    "wp_4": [
        -0.0443679504096508,
        14.926326751708984
    ],
    "wp_3": [
        0.10637246072292328,
        11.365073204040527
    ],
    "wp_2": [
        0.13728412985801697,
        7.560916423797607
    ],
    "wp_1": [
        0.0216057226061821,
        3.5106332302093506
    ],
    "aim": [
        0.0216057226061821,
        3.5106332302093506
    ],
    "target": [
        -2.3451627469600242,
        6.850475455124716
    ],
    "desired_speed": 7.920644569396973,
    "angle": 0.003917920462365678,
    "angle_last": 0.010595341067942477,
    "angle_target": -0.20997677255283748,
    "angle_final": 0.003917920462365678,
    "delta": 0.0,
    "agent": "only_traj",
    "steer_traj": 0.005770540339995726,
    "throttle_traj": 0.05573059615292568,
    "brake_traj": 0.0,
    "plan": [
        [
            0.0216057226061821,
            3.5106332302093506
        ],
        [
            0.13728412985801697,
            7.560916423797607
        ],
        [
            0.10637246072292328,
            11.365073204040527
        ],
        [
            -0.0443679504096508,
            14.926326751708984
        ],
        [
            0.09425410628318787,
            18.980545043945312
        ],
        [
            0.16622154414653778,
            23.304309844970703
        ]
    ],
    "command": 3
}