{
    "speed": 7.902507544689052,
    "steer": -0.0019698827527463436,
    "throttle": 0.031534746289253235,
    "brake": 0.0,
    "wp_4": [
        -0.0445963554084301,
        14.923913955688477
    ],
    "wp_3": [
        0.10678054392337799,
        11.363033294677734
    ],
    "wp_2": [
        0.13777108490467072,
        7.559032917022705
    ],
    "wp_1": [
        0.020844407379627228,
        3.509192943572998
    ],
    "aim": [
        0.020844407379627228,
        3.509192943572998
    ],
    "target": [
        -6.066130910648859,
        53.957366234985294
    ],
    "desired_speed": 7.921380233764648,
    "angle": 0.003781468460946979,
    "angle_last": 0.010701133109086897,
    "angle_target": -0.07127239962360837,
    "angle_final": 0.003781468460946979,
    "delta": 0.018872689075595694,
    "agent": "only_traj",
    "steer_traj": -0.0019698826982122294,
    "throttle_traj": 0.03153474589796412,
    "brake_traj": 0.0,
    "plan": [
        [
            0.020844407379627228,
            3.509192943572998
        ],
        [
            0.13777108490467072,
            7.559032917022705
        ],
        [
            0.10678054392337799,
            11.363033294677734
        ],
        [
            -0.0445963554084301,
            14.923913955688477
        ],
        [
            0.0946870893239975,
            18.97916030883789
        ],
        [
            0.1674019694328308,
            23.304611206054688
        ]
    ],
    "command": 3
}