{
    "speed": 7.594698339731151,
    "steer": -0.002054383512586355,
    "throttle": 0.75,
    "brake": 0.0,
    "wp_4": [
        -0.043987806886434555,
        14.923479080200195
    ],
    "wp_3": [
        0.10709144175052643,
        11.362300872802734
    ],
    "wp_2": [
        0.1377096176147461,
        7.5586981773376465
    ],
    "wp_1": [
        0.02029503881931305,
        3.509676218032837
    ],
    "aim": [
        0.02029503881931305,
        3.509676218032837
    ],
    "target": [
        -5.69043608566805,
        50.90916341139682
    ],
    "desired_speed": 7.920336437225341,
    "angle": 0.0036812923531201252,
    "angle_last": 0.01069119138929499,
    "angle_target": -0.07086482977528356,
    "angle_final": 0.0036812923531201252,
    "delta": 0.25,
    "agent": "only_traj",
    "steer_traj": -0.0020543835218939047,
    "throttle_traj": 0.75,
    "brake_traj": 0.0,
    "plan": [
        [
            0.02029503881931305,
            3.509676218032837
        ],
        [
            0.1377096176147461,
            7.5586981773376465
        ],
        [
            0.10709144175052643,
            11.362300872802734
        ],
        [
            -0.043987806886434555,
            14.923479080200195
        ],
        [
            0.09397216141223907,
            18.977800369262695
        ],
        [
            0.1666070967912674,
            23.302532196044922
        ]
    ],
    "command": 3
}