{
    "speed": 7.713636006139761,
    "steer": -0.0019207267323508859,
    "throttle": 0.75,
    "brake": 0.0,
    "wp_4": [
        -0.04413348063826561,
        14.9238862991333
    ],
    "wp_3": [
        0.10675731301307678,
        11.363119125366211
    ],
    "wp_2": [
        0.13765130937099457,
        7.559171676635742
    ],
    "wp_1": [
        0.0209629088640213,
        3.509310245513916
    ],
    "aim": [
        0.0209629088640213,
        3.509310245513916
    ],
    "target": [
        -4.7145449747300034,
        46.16073848080607
    ],
    "desired_speed": 7.920871829986572,
    "angle": 0.0038027938293555743,
    "angle_last": 0.010649223671394798,
    "angle_target": -0.0647953545049132,
    "angle_final": 0.0038027938293555743,
    "delta": 0.20723582384681105,
    "agent": "only_traj",
    "steer_traj": -0.0019207266805292937,
    "throttle_traj": 0.75,
    "brake_traj": 0.0,
    "plan": [
        [
            0.0209629088640213,
            3.509310245513916
        ],
        [
            0.13765130937099457,
            7.559171676635742
        ],
        [
            0.10675731301307678,
            11.363119125366211
        ],
        [
            -0.04413348063826561,
            14.9238862991333
        ],
        [
            0.09436123073101044,
            18.978384017944336
        ],
        [
            0.16671766340732574,
            23.303518295288086
        ]
    ],
    "command": 3
}