{
    "speed": 8.002179982096363,
    "steer": -0.0018537524156272411,
    "throttle": 0.05889905244112015,
    "brake": 0.0,
    "wp_4": [
        -0.04480327293276787,
        14.927284240722656
    ],
    "wp_3": [
        0.10597339272499084,
        11.366227149963379
    ],
    "wp_2": [
        0.13677144050598145,
        7.561548233032227
    ],
    "wp_1": [
        0.02149069309234619,
        3.5107271671295166
    ],
    "aim": [
        0.02149069309234619,
        3.5107271671295166
    ],
    "target": [
        -3.283011902641263,
        41.9887700048315
    ],
    "desired_speed": 7.921104526519776,
    "angle": 0.0038969745489109723,
    "angle_last": 0.01049341946732773,
    "angle_target": -0.04967487310582324,
    "angle_final": 0.0038969745489109723,
    "delta": 0.0,
    "agent": "only_traj",
    "steer_traj": -0.0018537524068490876,
    "throttle_traj": 0.05889905419254384,
    "brake_traj": 0.0,
    "plan": [
        [
            0.02149069309234619,
            3.5107271671295166
        ],
        [
            0.13677144050598145,
            7.561548233032227
        ],
        [
            0.10597339272499084,
            11.366227149963379
        ],
        [
            -0.04480327293276787,
            14.927284240722656
        ],
        [
            0.09493741393089294,
            18.982383728027344
        ],
        [
            0.16620269417762756,
            23.305538177490234
        ]
    ],
    "command": 3
}