{
    "speed": 7.961326150212582,
    "steer": 0.005700223613530397,
    "throttle": 0.0,
    "brake": 0.0,
    "wp_4": [
        -0.04410276934504509,
        14.9263916015625
    ],
    "wp_3": [
        0.10590000450611115,
        11.364142417907715
    ],
    "wp_2": [
        0.13757087290287018,
        7.560187816619873
    ],
    "wp_1": [
        0.020810768008232117,
        3.510136365890503
    ],
    "aim": [
        0.020810768008232117,
        3.510136365890503
    ],
    "target": [
        -3.1793944055723826,
        38.27634497532791
    ],
    "desired_speed": 7.921294593811035,
    "angle": 0.0037743347078138547,
    "angle_last": 0.010688535204617763,
    "angle_target": -0.052759201480586104,
    "angle_final": 0.0037743347078138547,
    "delta": 0.0,
    "agent": "only_traj",
    "steer_traj": 0.005700223542490446,
    "throttle_traj": 0.0,
    "brake_traj": 0.0,
    "plan": [
        [
            0.020810768008232117,
            3.510136365890503
        ],
        [
            0.13757087290287018,
            7.560187816619873
        ],
        [
            0.10590000450611115,
            11.364142417907715
        ],
        [
            -0.04410276934504509,
            14.9263916015625
        ],
        [
            0.09390397369861603,
            18.980724334716797
        ],
        [
            0.1665206402540207,
            23.305442810058594
        ]
    ],
    "command": 3
}