{
    "speed": 7.686221430325871,
    "steer": 0.005591792985796928,
    "throttle": 0.75,
    "brake": 0.0,
    "wp_4": [
        -0.044431086629629135,
        14.92335033416748
    ],
    "wp_3": [
        0.10707543790340424,
        11.362266540527344
    ],
    "wp_2": [
        0.13811564445495605,
        7.558899879455566
    ],
    "wp_1": [
        0.02031577378511429,
        3.5091445446014404
    ],
    "aim": [
        0.02031577378511429,
        3.5091445446014404
    ],
    "target": [
        -3.4599933587634273,
        34.20684986820866
    ],
    "desired_speed": 7.920504379272462,
    "angle": 0.0036856181395944665,
    "angle_last": 0.010668499983052391,
    "angle_target": -0.06417527256014109,
    "angle_final": 0.0036856181395944665,
    "delta": 0.23428294894659096,
    "agent": "only_traj",
    "steer_traj": 0.005591792866460417,
    "throttle_traj": 0.75,
    "brake_traj": 0.0,
    "plan": [
        [
            0.02031577378511429,
            3.5091445446014404
        ],
        [
            0.13811564445495605,
            7.558899879455566
        ],
        [
            0.10707543790340424,
            11.362266540527344
        ],
        [
            -0.044431086629629135,
            14.92335033416748
        ],
        [
            0.09436018764972687,
            18.977441787719727
        ],
        [
            0.1668439656496048,
            23.3023624420166
        ]
    ],
    "command": 3
}