{
    "speed": 7.6771225408714585,
    "steer": 0.0056420573964715,
    "throttle": 0.75,
    "brake": 0.0,
    "wp_4": [
        -0.04442046210169792,
        14.924005508422852
    ],
    "wp_3": [
        0.10703051090240479,
        11.362642288208008
    ],
    "wp_2": [
        0.13838794827461243,
        7.558865547180176
    ],
    "wp_1": [
        0.020785778760910034,
        3.5094969272613525
    ],
    "aim": [
        0.020785778760910034,
        3.5094969272613525
    ],
    "target": [
        -2.8310228279512826,
        30.154372629871304
    ],
    "desired_speed": 7.9207682609558105,
    "angle": 0.0037704642672841803,
    "angle_last": 0.010736650092770963,
    "angle_target": -0.05959393306623986,
    "angle_final": 0.0037704642672841803,
    "delta": 0.24364572008435204,
    "agent": "only_traj",
    "steer_traj": 0.005642057366927401,
    "throttle_traj": 0.75,
    "brake_traj": 0.0,
    "plan": [
        [
            0.020785778760910034,
            3.5094969272613525
        ],
        [
            0.13838794827461243,
            7.558865547180176
        ],
        [
            0.10703051090240479,
            11.362642288208008
        ],
        [
            -0.04442046210169792,
            14.924005508422852
        ],
        [
            0.09393762052059174,
            18.978456497192383
        ],
        [
            0.166884645819664,
            23.303386688232422
        ]
    ],
    "command": 3
}