{
    "speed": 7.672396089621159,
    "steer": 0.005804015323519707,
    "throttle": 0.75,
    "brake": 0.0,
    "wp_4": [
        -0.043862950056791306,
        14.923961639404297
    ],
    "wp_3": [
        0.10738116502761841,
        11.36422061920166
    ],
    "wp_2": [
        0.13796915113925934,
        7.559093475341797
    ],
    "wp_1": [
        0.02152179926633835,
        3.509267568588257
    ],
    "aim": [
        0.02152179926633835,
        3.509267568588257
    ],
    "target": [
        -1.7110507487413307,
        25.197455321597392
    ],
    "desired_speed": 7.920773315429688,
    "angle": 0.0039042600840256524,
    "angle_last": 0.010650589709228803,
    "angle_target": -0.043163844838672936,
    "angle_final": 0.0039042600840256524,
    "delta": 0.24837722580852883,
    "agent": "only_traj",
    "steer_traj": 0.005804015381709174,
    "throttle_traj": 0.75,
    "brake_traj": 0.0,
    "plan": [
        [
            0.02152179926633835,
            3.509267568588257
        ],
        [
            0.13796915113925934,
            7.559093475341797
        ],
        [
            0.10738116502761841,
            11.36422061920166
        ],
        [
            -0.043862950056791306,
            14.923961639404297
        ],
        [
            0.09504534304141998,
            18.97875213623047
        ],
        [
            0.16739989817142487,
            23.30320930480957
        ]
    ],
    "command": 3
}