{
    "speed": 7.136705609381725,
    "steer": 0.005646215286105871,
    "throttle": 0.75,
    "brake": 0.0,
    "wp_4": [
        -0.0440007708966732,
        14.923874855041504
    ],
    "wp_3": [
        0.10696317255496979,
        11.36345100402832
    ],
    "wp_2": [
        0.13772302865982056,
        7.559070110321045
    ],
    "wp_1": [
        0.02056724578142166,
        3.5091373920440674
    ],
    "aim": [
        0.02056724578142166,
        3.5091373920440674
    ],
    "target": [
        -2.5178097371268744,
        22.91733453888302
    ],
    "desired_speed": 7.9205565452575675,
    "angle": 0.003731228625051996,
    "angle_last": 0.010627822411995428,
    "angle_target": -0.06966275513061436,
    "angle_final": 0.003731228625051996,
    "delta": 0.25,
    "agent": "only_traj",
    "steer_traj": 0.005646215244584646,
    "throttle_traj": 0.75,
    "brake_traj": 0.0,
    "plan": [
        [
            0.02056724578142166,
            3.5091373920440674
        ],
        [
            0.13772302865982056,
            7.559070110321045
        ],
        [
            0.10696317255496979,
            11.36345100402832
        ],
        [
            -0.0440007708966732,
            14.923874855041504
        ],
        [
            0.09445713460445404,
            18.97867202758789
        ],
        [
            0.1666470170021057,
            23.30254554748535
        ]
    ],
    "command": 3
}