{
    "speed": 8.195818053601661,
    "steer": 0.0057498919777572155,
    "throttle": 0.06342274695634842,
    "brake": 0.0,
    "wp_4": [
        -0.04521980509161949,
        14.926118850708008
    ],
    "wp_3": [
        0.10663062334060669,
        11.365226745605469
    ],
    "wp_2": [
        0.13769251108169556,
        7.560825347900391
    ],
    "wp_1": [
        0.02135442942380905,
        3.510392665863037
    ],
    "aim": [
        0.02135442942380905,
        3.510392665863037
    ],
    "target": [
        -2.657316178324649,
        18.977408504406977
    ],
    "desired_speed": 7.922049903869628,
    "angle": 0.00387261354087126,
    "angle_last": 0.01063321067234066,
    "angle_target": -0.08856698587925578,
    "angle_final": 0.00387261354087126,
    "delta": 0.0,
    "agent": "only_traj",
    "steer_traj": 0.005749891824361132,
    "throttle_traj": 0.06342274456705807,
    "brake_traj": 0.0,
    "plan": [
        [
            0.02135442942380905,
            3.510392665863037
        ],
        [
            0.13769251108169556,
            7.560825347900391
        ],
        [
            0.10663062334060669,
            11.365226745605469
        ],
        [
            -0.04521980509161949,
            14.926118850708008
        ],
        [
            0.09437891840934753,
            18.981048583984375
        ],
        [
            0.16664814949035645,
            23.307477951049805
        ]
    ],
    "command": 3
}