{
    "speed": 7.410094894267694,
    "steer": 0.00555556733161211,
    "throttle": 0.75,
    "brake": 0.0,
    "wp_4": [
        -0.044354137033224106,
        14.923593521118164
    ],
    "wp_3": [
        0.10674029588699341,
        11.361921310424805
    ],
    "wp_2": [
        0.1380893439054489,
        7.5584025382995605
    ],
    "wp_1": [
        0.020105794072151184,
        3.5087780952453613
    ],
    "aim": [
        0.020105794072151184,
        3.5087780952453613
    ],
    "target": [
        -2.6664914666263795,
        15.343858722788456
    ],
    "desired_speed": 7.920856857299804,
    "angle": 0.0036479003171778403,
    "angle_last": 0.010677910465908854,
    "angle_target": -0.10953930143053986,
    "angle_final": 0.0036479003171778403,
    "delta": 0.25,
    "agent": "only_traj",
    "steer_traj": 0.005555567250649961,
    "throttle_traj": 0.75,
    "brake_traj": 0.0,
    "plan": [
        [
            0.020105794072151184,
            3.5087780952453613
        ],
        [
            0.1380893439054489,
            7.5584025382995605
        ],
        [
            0.10674029588699341,
            11.361921310424805
        ],
        [
            -0.044354137033224106,
            14.923593521118164
        ],
        [
            0.09412524104118347,
            18.97735023498535
        ],
        [
            0.16668373346328735,
            23.30289649963379
        ]
    ],
    "command": 3
}