{
    "speed": 7.327984176834828,
    "steer": 0.005575800314545631,
    "throttle": 0.75,
    "brake": 0.0,
    "wp_4": [
        -0.04394982382655144,
        14.921751976013184
    ],
    "wp_3": [
        0.10694225132465363,
        11.36114501953125
    ],
    "wp_2": [
        0.1375913918018341,
        7.557323932647705
    ],
    "wp_1": [
        0.020221084356307983,
        3.5090785026550293
    ],
    "aim": [
        0.020221084356307983,
        3.5090785026550293
    ],
    "target": [
        -2.393736436341459,
        11.444739491501664
    ],
    "desired_speed": 7.919533157348633,
    "angle": 0.003668466775678657,
    "angle_last": 0.010673432897452956,
    "angle_target": -0.13126065045738483,
    "angle_final": 0.003668466775678657,
    "delta": 0.25,
    "agent": "only_traj",
    "steer_traj": 0.005575800263110048,
    "throttle_traj": 0.75,
    "brake_traj": 0.0,
    "plan": [
        [
            0.020221084356307983,
            3.5090785026550293
        ],
        [
            0.1375913918018341,
            7.557323932647705
        ],
        [
            0.10694225132465363,
            11.36114501953125
        ],
        [
            -0.04394982382655144,
            14.921751976013184
        ],
        [
            0.09390272200107574,
            18.975727081298828
        ],
        [
            0.1664084792137146,
            23.29994010925293
        ]
    ],
    "command": 3
}