{
    "speed": 8.021573454639467,
    "steer": 0.005672354716807604,
    "throttle": 0.011126919649541378,
    "brake": 0.0,
    "wp_4": [
        -0.04454396292567253,
        14.924352645874023
    ],
    "wp_3": [
        0.10709032416343689,
        11.362822532653809
    ],
    "wp_2": [
        0.1375391185283661,
        7.559865474700928
    ],
    "wp_1": [
        0.020912304520606995,
        3.509596586227417
    ],
    "aim": [
        0.020912304520606995,
        3.509596586227417
    ],
    "target": [
        -2.864553459859057,
        6.636182198937939
    ],
    "desired_speed": 7.92109088897705,
    "angle": 0.0037933074555083343,
    "angle_last": 0.010688686986599317,
    "angle_target": -0.2594197021269716,
    "angle_final": 0.0037933074555083343,
    "delta": 0.0,
    "agent": "only_traj",
    "steer_traj": 0.005672354947720716,
    "throttle_traj": 0.011126919621700496,
    "brake_traj": 0.0,
    "plan": [
        [
            0.020912304520606995,
            3.509596586227417
        ],
        [
            0.1375391185283661,
            7.559865474700928
        ],
        [
            0.10709032416343689,
            11.362822532653809
        ],
        [
            -0.04454396292567253,
            14.924352645874023
        ],
        [
            0.09437727928161621,
            18.979307174682617
        ],
        [
            0.16699987649917603,
            23.30430793762207
        ]
    ],
    "command": 3
}