{
    "speed": 7.532465568865386,
    "steer": 0.055348336696624756,
    "throttle": 0.75,
    "brake": 0.0,
    "wp_4": [
        -0.044433530420064926,
        14.924177169799805
    ],
    "wp_3": [
        0.10662379860877991,
        11.361720085144043
    ],
    "wp_2": [
        0.13768187165260315,
        7.5586838722229
    ],
    "wp_1": [
        0.020828455686569214,
        3.5098459720611572
    ],
    "aim": [
        0.020828455686569214,
        3.5098459720611572
    ],
    "target": [
        -1.8201374450849126,
        3.8522864389362494
    ],
    "desired_speed": 7.920507717132567,
    "angle": 0.0037778256933896385,
    "angle_last": 0.010561341904073969,
    "angle_target": -0.28099898716082594,
    "angle_final": 0.0037778256933896385,
    "delta": 0.25,
    "agent": "only_traj",
    "steer_traj": 0.05534833683192272,
    "throttle_traj": 0.75,
    "brake_traj": 0.0,
    "plan": [
        [
            0.020828455686569214,
            3.5098459720611572
        ],
        [
            0.13768187165260315,
            7.5586838722229
        ],
        [
            0.10662379860877991,
            11.361720085144043
        ],
        [
            -0.044433530420064926,
            14.924177169799805
        ],
        [
            0.09447172284126282,
            18.977954864501953
        ],
        [
            0.16623160243034363,
            23.30312728881836
        ]
    ],
    "command": 3
}