{
    "speed": 0.21450104946045623,
    "steer": -0.014343572780489922,
    "throttle": 0.75,
    "brake": 0.0,
    "wp_4": [
        -0.03272117301821709,
        14.889802932739258
    ],
    "wp_3": [
        0.11768637597560883,
        11.327981948852539
    ],
    "wp_2": [
        0.1400153785943985,
        7.52283239364624
    ],
    "wp_1": [
        0.015944011509418488,
        3.4823122024536133
    ],
    "aim": [
        0.015944011509418488,
        3.4823122024536133
    ],
    "target": [
        -0.8689422332735649,
        32.623299260228826
    ],
    "desired_speed": 7.906976509094239,
    "angle": 0.0029147933462631385,
    "angle_last": 0.011004621181207796,
    "angle_target": -0.01695276242565177,
    "angle_final": 0.0029147933462631385,
    "delta": 0.25,
    "agent": "only_traj",
    "steer_traj": -0.014343572800141613,
    "throttle_traj": 0.75,
    "brake_traj": 0.0,
    "plan": [
        [
            0.015944011509418488,
            3.4823122024536133
        ],
        [
            0.1400153785943985,
            7.52283239364624
        ],
        [
            0.11768637597560883,
            11.327981948852539
        ],
        [
            -0.03272117301821709,
            14.889802932739258
        ],
        [
            0.09488378465175629,
            18.92458724975586
        ],
        [
            0.16952137649059296,
            23.241947174072266
        ]
    ],
    "command": 3
}