{
    "speed": 0.03884739192916341,
    "steer": -0.014740300364792347,
    "throttle": 0.75,
    "brake": 0.0,
    "wp_4": [
        -0.03176146373152733,
        14.887585639953613
    ],
    "wp_3": [
        0.11811254918575287,
        11.323726654052734
    ],
    "wp_2": [
        0.1406286656856537,
        7.520576477050781
    ],
    "wp_1": [
        0.015059396624565125,
        3.4798552989959717
    ],
    "aim": [
        0.015059396624565125,
        3.4798552989959717
    ],
    "target": [
        -1.8321938177267383,
        31.684448527613302
    ],
    "desired_speed": 7.907180976867676,
    "angle": 0.0027550428106756183,
    "angle_last": 0.011292172145265334,
    "angle_target": -0.03677240272262371,
    "angle_final": 0.0027550428106756183,
    "delta": 0.25,
    "agent": "only_traj",
    "steer_traj": -0.014740300069213567,
    "throttle_traj": 0.75,
    "brake_traj": 0.0,
    "plan": [
        [
            0.015059396624565125,
            3.4798552989959717
        ],
        [
            0.1406286656856537,
            7.520576477050781
        ],
        [
            0.11811254918575287,
            11.323726654052734
        ],
        [
            -0.03176146373152733,
            14.887585639953613
        ],
        [
            0.0937948226928711,
            18.921367645263672
        ],
        [
            0.17040584981441498,
            23.240007400512695
        ]
    ],
    "command": 3
}