{
    "speed": 0.033521517109919366,
    "steer": -0.015015865676105022,
    "throttle": 0.75,
    "brake": 0.0,
    "wp_4": [
        -0.03211086615920067,
        14.888069152832031
    ],
    "wp_3": [
        0.11765503883361816,
        11.323720932006836
    ],
    "wp_2": [
        0.14047253131866455,
        7.520763874053955
    ],
    "wp_1": [
        0.014686085283756256,
        3.4807443618774414
    ],
    "aim": [
        0.014686085283756256,
        3.4807443618774414
    ],
    "target": [
        -3.322411672042044,
        31.891218222771595
    ],
    "desired_speed": 7.906913185119629,
    "angle": 0.0026860579000584895,
    "angle_last": 0.011321541958696389,
    "angle_target": -0.06608434833742828,
    "angle_final": 0.0026860579000584895,
    "delta": 0.25,
    "agent": "only_traj",
    "steer_traj": -0.01501586547423381,
    "throttle_traj": 0.75,
    "brake_traj": 0.0,
    "plan": [
        [
            0.014686085283756256,
            3.4807443618774414
        ],
        [
            0.14047253131866455,
            7.520763874053955
        ],
        [
            0.11765503883361816,
            11.323720932006836
        ],
        [
            -0.03211086615920067,
            14.888069152832031
        ],
        [
            0.09339703619480133,
            18.921825408935547
        ],
        [
            0.17020265758037567,
            23.24022102355957
        ]
    ],
    "command": 3
}