{
    "speed": 0.048683349173493276,
    "steer": -0.003768011461943388,
    "throttle": 0.75,
    "brake": 0.0,
    "wp_4": [
        -0.03254653140902519,
        14.8898344039917
    ],
    "wp_3": [
        0.11738269031047821,
        11.325220108032227
    ],
    "wp_2": [
        0.14067673683166504,
        7.521831035614014
    ],
    "wp_1": [
        0.014586672186851501,
        3.4818224906921387
    ],
    "aim": [
        0.014586672186851501,
        3.4818224906921387
    ],
    "target": [
        -2.432115337054234,
        32.87563726278632
    ],
    "desired_speed": 7.90699520111084,
    "angle": 0.0026670092613732314,
    "angle_last": 0.011308185144319475,
    "angle_target": -0.04701102216981243,
    "angle_final": 0.0026670092613732314,
    "delta": 0.25,
    "agent": "only_traj",
    "steer_traj": -0.0037680114343408315,
    "throttle_traj": 0.75,
    "brake_traj": 0.0,
    "plan": [
        [
            0.014586672186851501,
            3.4818224906921387
        ],
        [
            0.14067673683166504,
            7.521831035614014
        ],
        [
            0.11738269031047821,
            11.325220108032227
        ],
        [
            -0.03254653140902519,
            14.8898344039917
        ],
        [
            0.09320028126239777,
            18.92344856262207
        ],
        [
            0.16990889608860016,
            23.241479873657227
        ]
    ],
    "command": 3
}