{
    "speed": 0.034241026692538895,
    "steer": 0.00424624839797616,
    "throttle": 0.75,
    "brake": 0.0,
    "wp_4": [
        -0.03266149386763573,
        14.890666961669922
    ],
    "wp_3": [
        0.1174573302268982,
        11.328431129455566
    ],
    "wp_2": [
        0.1398703157901764,
        7.522883415222168
    ],
    "wp_1": [
        0.015416726469993591,
        3.4822866916656494
    ],
    "aim": [
        0.015416726469993591,
        3.4822866916656494
    ],
    "target": [
        -2.6322344296051177,
        32.974247333595606
    ],
    "desired_speed": 7.907011985778809,
    "angle": 0.002818411787975181,
    "angle_last": 0.01109682873500297,
    "angle_target": -0.05071189540737488,
    "angle_final": 0.002818411787975181,
    "delta": 0.25,
    "agent": "only_traj",
    "steer_traj": 0.004246248445880058,
    "throttle_traj": 0.75,
    "brake_traj": 0.0,
    "plan": [
        [
            0.015416726469993591,
            3.4822866916656494
        ],
        [
            0.1398703157901764,
            7.522883415222168
        ],
        [
            0.1174573302268982,
            11.328431129455566
        ],
        [
            -0.03266149386763573,
            14.890666961669922
        ],
        [
            0.09400147199630737,
            18.92580795288086
        ],
        [
            0.16924434900283813,
            23.242029190063477
        ]
    ],
    "command": 3
}