{
    "speed": 0.017499538559683742,
    "steer": 0.004062216263264418,
    "throttle": 0.75,
    "brake": 0.0,
    "wp_4": [
        -0.031804244965314865,
        14.887155532836914
    ],
    "wp_3": [
        0.11820890009403229,
        11.323616981506348
    ],
    "wp_2": [
        0.1408940553665161,
        7.520011901855469
    ],
    "wp_1": [
        0.014516577124595642,
        3.4801299571990967
    ],
    "aim": [
        0.014516577124595642,
        3.4801299571990967
    ],
    "target": [
        -2.4478858141098967,
        31.77711172643919
    ],
    "desired_speed": 7.906883430480957,
    "angle": 0.002655473830774988,
    "angle_last": 0.011235633357135785,
    "angle_target": -0.04894406228745237,
    "angle_final": 0.002655473830774988,
    "delta": 0.25,
    "agent": "only_traj",
    "steer_traj": 0.00406221611347445,
    "throttle_traj": 0.75,
    "brake_traj": 0.0,
    "plan": [
        [
            0.014516577124595642,
            3.4801299571990967
        ],
        [
            0.1408940553665161,
            7.520011901855469
        ],
        [
            0.11820890009403229,
            11.323616981506348
        ],
        [
            -0.031804244965314865,
            14.887155532836914
        ],
        [
            0.09377610683441162,
            18.92079734802246
        ],
        [
            0.17000456154346466,
            23.239511489868164
        ]
    ],
    "command": 3
}