{
    "speed": 0.0445521038019357,
    "steer": 0.004004707559943199,
    "throttle": 0.75,
    "brake": 0.0,
    "wp_4": [
        -0.032094817608594894,
        14.888932228088379
    ],
    "wp_3": [
        0.11757957935333252,
        11.325159072875977
    ],
    "wp_2": [
        0.1406681090593338,
        7.521523952484131
    ],
    "wp_1": [
        0.014567866921424866,
        3.481187105178833
    ],
    "aim": [
        0.014567866921424866,
        3.481187105178833
    ],
    "target": [
        -2.6622572566358156,
        31.089794890551698
    ],
    "desired_speed": 7.907253265380859,
    "angle": 0.0026640495127328925,
    "angle_last": 0.011273199397570854,
    "angle_target": -0.05438186850715056,
    "angle_final": 0.0026640495127328925,
    "delta": 0.25,
    "agent": "only_traj",
    "steer_traj": 0.004004707343619019,
    "throttle_traj": 0.75,
    "brake_traj": 0.0,
    "plan": [
        [
            0.014567866921424866,
            3.481187105178833
        ],
        [
            0.1406681090593338,
            7.521523952484131
        ],
        [
            0.11757957935333252,
            11.325159072875977
        ],
        [
            -0.032094817608594894,
            14.888932228088379
        ],
        [
            0.0936451107263565,
            18.92314338684082
        ],
        [
            0.17012198269367218,
            23.241504669189453
        ]
    ],
    "command": 3
}